Date,Power Consumption
2022-05-01 00:00:00,0.0
2022-05-01 01:00:00,0.0
2022-05-01 02:00:00,0.0
2022-05-01 03:00:00,0.0
2022-05-01 04:00:00,0.0
2022-05-01 05:00:00,0.0
2022-05-01 06:00:00,0.0
2022-05-01 07:00:00,0.0
2022-05-01 08:00:00,0.0
2022-05-01 09:00:00,0.0
2022-05-01 10:00:00,0.0
2022-05-01 11:00:00,0.0
2022-05-01 12:00:00,0.0
2022-05-01 13:00:00,0.0
2022-05-01 14:00:00,0.0
2022-05-01 15:00:00,0.0
2022-05-01 16:00:00,0.0
2022-05-01 17:00:00,0.0
2022-05-01 18:00:00,0.0
2022-05-01 19:00:00,0.0
2022-05-01 20:00:00,0.0
2022-05-01 21:00:00,0.0
2022-05-01 22:00:00,0.0
2022-05-01 23:00:00,0.0
2022-05-02 00:00:00,0.0
2022-05-02 01:00:00,0.0
2022-05-02 02:00:00,0.0
2022-05-02 03:00:00,0.0
2022-05-02 04:00:00,0.0
2022-05-02 05:00:00,0.0
2022-05-02 06:00:00,0.0
2022-05-02 07:00:00,0.0
2022-05-02 08:00:00,0.0
2022-05-02 09:00:00,0.0
2022-05-02 10:00:00,0.0
2022-05-02 11:00:00,0.0
2022-05-02 12:00:00,0.0
2022-05-02 13:00:00,0.0
2022-05-02 14:00:00,0.0
2022-05-02 15:00:00,0.0
2022-05-02 16:00:00,0.0
2022-05-02 17:00:00,0.0
2022-05-02 18:00:00,0.0
2022-05-02 19:00:00,0.0
2022-05-02 20:00:00,0.0
2022-05-02 21:00:00,0.0
2022-05-02 22:00:00,0.0
2022-05-02 23:00:00,0.0
2022-05-03 00:00:00,0.0
2022-05-03 01:00:00,0.0
2022-05-03 02:00:00,0.0
2022-05-03 03:00:00,0.0
2022-05-03 04:00:00,0.0
2022-05-03 05:00:00,0.0
2022-05-03 06:00:00,0.0
2022-05-03 07:00:00,0.0
2022-05-03 08:00:00,0.0
2022-05-03 09:00:00,0.0
2022-05-03 10:00:00,0.0
2022-05-03 11:00:00,6.666666666666667e-08
2022-05-03 12:00:00,7.358401333333333
2022-05-03 13:00:00,4.18133565
2022-05-03 14:00:00,0.23333566666666664
2022-05-03 15:00:00,0.19833576666666664
2022-05-03 16:00:00,0.45846915
2022-05-03 17:00:00,4.7684337999999995
2022-05-03 18:00:00,0.0048006
2022-05-03 19:00:00,0.0
2022-05-03 20:00:00,0.0
2022-05-03 21:00:00,0.0
2022-05-03 22:00:00,0.0
2022-05-03 23:00:00,0.0
2022-05-04 00:00:00,0.0
2022-05-04 01:00:00,0.0
2022-05-04 02:00:00,0.0
2022-05-04 03:00:00,0.0
2022-05-04 04:00:00,0.0
2022-05-04 05:00:00,0.0
2022-05-04 06:00:00,0.0
2022-05-04 07:00:00,0.0
2022-05-04 08:00:00,0.0
2022-05-04 09:00:00,0.0
2022-05-04 10:00:00,0.0
2022-05-04 11:00:00,5.333333333333333e-07
2022-05-04 12:00:00,1e-06
2022-05-04 13:00:00,1e-06
2022-05-04 14:00:00,0.0480006
2022-05-04 15:00:00,1e-06
2022-05-04 16:00:00,0.0960002
2022-05-04 17:00:00,0.08200003333333333
2022-05-04 18:00:00,0.0
2022-05-04 19:00:00,0.0
2022-05-04 20:00:00,0.0
2022-05-04 21:00:00,0.0
2022-05-04 22:00:00,0.0
2022-05-04 23:00:00,0.0
2022-05-05 00:00:00,0.0
2022-05-05 01:00:00,0.0
2022-05-05 02:00:00,0.0
2022-05-05 03:00:00,0.0
2022-05-05 04:00:00,0.0
2022-05-05 05:00:00,0.0
2022-05-05 06:00:00,0.0
2022-05-05 07:00:00,0.0
2022-05-05 08:00:00,0.0
2022-05-05 09:00:00,0.0
2022-05-05 10:00:00,0.0
2022-05-05 11:00:00,0.4000002833333334
2022-05-05 12:00:00,7.208001683333334
2022-05-05 13:00:00,0.20120198333333333
2022-05-05 14:00:00,0.11760253333333334
2022-05-05 15:00:00,0.01620285
2022-05-05 16:00:00,2.66293525
2022-05-05 17:00:00,6.156000783333334
2022-05-05 18:00:00,0.016000233333333332
2022-05-05 19:00:00,0.0
2022-05-05 20:00:00,0.0
2022-05-05 21:00:00,0.0
2022-05-05 22:00:00,0.0
2022-05-05 23:00:00,0.0
2022-05-06 00:00:00,0.0
2022-05-06 01:00:00,0.0
2022-05-06 02:00:00,0.0
2022-05-06 03:00:00,0.0
2022-05-06 04:00:00,0.0
2022-05-06 05:00:00,0.0
2022-05-06 06:00:00,0.0
2022-05-06 07:00:00,0.0
2022-05-06 08:00:00,0.0
2022-05-06 09:00:00,0.0
2022-05-06 10:00:00,0.0
2022-05-06 11:00:00,0.0
2022-05-06 12:00:00,0.0
2022-05-06 13:00:00,0.0
2022-05-06 14:00:00,0.0
2022-05-06 15:00:00,0.0
2022-05-06 16:00:00,0.0
2022-05-06 17:00:00,0.0
2022-05-06 18:00:00,0.0
2022-05-06 19:00:00,0.0
2022-05-06 20:00:00,0.0
2022-05-06 21:00:00,0.0
2022-05-06 22:00:00,0.0
2022-05-06 23:00:00,0.0
2022-05-07 00:00:00,0.0
2022-05-07 01:00:00,0.0
2022-05-07 02:00:00,0.0
2022-05-07 03:00:00,0.0
2022-05-07 04:00:00,0.0
2022-05-07 05:00:00,0.0
2022-05-07 06:00:00,0.0
2022-05-07 07:00:00,0.0
2022-05-07 08:00:00,0.0
2022-05-07 09:00:00,0.0
2022-05-07 10:00:00,0.0
2022-05-07 11:00:00,0.0
2022-05-07 12:00:00,0.0
2022-05-07 13:00:00,0.0
2022-05-07 14:00:00,0.0
2022-05-07 15:00:00,0.0
2022-05-07 16:00:00,0.0
2022-05-07 17:00:00,0.0
2022-05-07 18:00:00,0.0
2022-05-07 19:00:00,0.0
2022-05-07 20:00:00,0.0
2022-05-07 21:00:00,0.0
2022-05-07 22:00:00,0.0
2022-05-07 23:00:00,0.0
2022-05-08 00:00:00,0.0
2022-05-08 01:00:00,0.0
2022-05-08 02:00:00,0.0
2022-05-08 03:00:00,0.0
2022-05-08 04:00:00,0.0
2022-05-08 05:00:00,0.0
2022-05-08 06:00:00,0.0
2022-05-08 07:00:00,0.0
2022-05-08 08:00:00,0.0
2022-05-08 09:00:00,0.0
2022-05-08 10:00:00,0.0
2022-05-08 11:00:00,0.0
2022-05-08 12:00:00,0.0
2022-05-08 13:00:00,0.0
2022-05-08 14:00:00,0.0
2022-05-08 15:00:00,0.0
2022-05-08 16:00:00,0.0
2022-05-08 17:00:00,0.0
2022-05-08 18:00:00,0.0
2022-05-08 19:00:00,0.0
2022-05-08 20:00:00,0.0
2022-05-08 21:00:00,0.0
2022-05-08 22:00:00,0.0
2022-05-08 23:00:00,0.0
2022-05-09 00:00:00,0.0
2022-05-09 01:00:00,0.0
2022-05-09 02:00:00,0.0
2022-05-09 03:00:00,0.0
2022-05-09 04:00:00,0.0
2022-05-09 05:00:00,0.0
2022-05-09 06:00:00,0.0
2022-05-09 07:00:00,0.0
2022-05-09 08:00:00,0.0
2022-05-09 09:00:00,0.0
2022-05-09 10:00:00,0.0
2022-05-09 11:00:00,0.0
2022-05-09 12:00:00,0.0
2022-05-09 13:00:00,0.0
2022-05-09 14:00:00,0.0
2022-05-09 15:00:00,0.0
2022-05-09 16:00:00,0.0
2022-05-09 17:00:00,0.0
2022-05-09 18:00:00,0.0
2022-05-09 19:00:00,0.0
2022-05-09 20:00:00,0.0
2022-05-09 21:00:00,0.0
2022-05-09 22:00:00,0.0
2022-05-09 23:00:00,0.0
2022-05-10 00:00:00,0.0
2022-05-10 01:00:00,0.0
2022-05-10 02:00:00,0.0
2022-05-10 03:00:00,0.0
2022-05-10 04:00:00,0.0
2022-05-10 05:00:00,0.0
2022-05-10 06:00:00,0.0
2022-05-10 07:00:00,0.0
2022-05-10 08:00:00,0.0
2022-05-10 09:00:00,0.0
2022-05-10 10:00:00,0.0
2022-05-10 11:00:00,2.8333333333333336e-07
2022-05-10 12:00:00,1e-06
2022-05-10 13:00:00,0.016000866666666665
2022-05-10 14:00:00,0.12
2022-05-10 15:00:00,0.08200031666666668
2022-05-10 16:00:00,0.0480006
2022-05-10 17:00:00,1e-06
2022-05-10 18:00:00,3.1666666666666667e-07
2022-05-10 19:00:00,0.0
2022-05-10 20:00:00,0.0
2022-05-10 21:00:00,0.0
2022-05-10 22:00:00,0.0
2022-05-10 23:00:00,0.0
2022-05-11 00:00:00,0.0
2022-05-11 01:00:00,0.0
2022-05-11 02:00:00,0.0
2022-05-11 03:00:00,0.0
2022-05-11 04:00:00,0.0
2022-05-11 05:00:00,0.0
2022-05-11 06:00:00,0.0
2022-05-11 07:00:00,0.0
2022-05-11 08:00:00,0.0
2022-05-11 09:00:00,0.0
2022-05-11 10:00:00,0.0
2022-05-11 11:00:00,0.0
2022-05-11 12:00:00,0.0
2022-05-11 13:00:00,0.0
2022-05-11 14:00:00,0.0
2022-05-11 15:00:00,0.0
2022-05-11 16:00:00,0.0
2022-05-11 17:00:00,0.0
2022-05-11 18:00:00,0.0
2022-05-11 19:00:00,0.0
2022-05-11 20:00:00,0.0
2022-05-11 21:00:00,0.0
2022-05-11 22:00:00,0.0
2022-05-11 23:00:00,0.0
2022-05-12 00:00:00,0.0
2022-05-12 01:00:00,0.0
2022-05-12 02:00:00,0.0
2022-05-12 03:00:00,0.0
2022-05-12 04:00:00,0.0
2022-05-12 05:00:00,0.0
2022-05-12 06:00:00,0.0
2022-05-12 07:00:00,0.0
2022-05-12 08:00:00,0.0
2022-05-12 09:00:00,0.0
2022-05-12 10:00:00,0.0
2022-05-12 11:00:00,1.8333333333333333e-07
2022-05-12 12:00:00,1.65e-06
2022-05-12 13:00:00,3.7333348666666666
2022-05-12 14:00:00,8.03600075
2022-05-12 15:00:00,3.660001133333333
2022-05-12 16:00:00,1.0953347166666667
2022-05-12 17:00:00,0.07800148333333333
2022-05-12 18:00:00,0.07500001666666667
2022-05-12 19:00:00,0.0
2022-05-12 20:00:00,0.0
2022-05-12 21:00:00,0.0
2022-05-12 22:00:00,0.0
2022-05-12 23:00:00,0.0
2022-05-13 00:00:00,0.0
2022-05-13 01:00:00,0.0
2022-05-13 02:00:00,0.0
2022-05-13 03:00:00,0.0
2022-05-13 04:00:00,0.0
2022-05-13 05:00:00,0.0
2022-05-13 06:00:00,0.0
2022-05-13 07:00:00,0.0
2022-05-13 08:00:00,0.0
2022-05-13 09:00:00,0.0
2022-05-13 10:00:00,0.0
2022-05-13 11:00:00,5.666666666666667e-07
2022-05-13 12:00:00,0.040834699999999995
2022-05-13 13:00:00,0.35000099999999995
2022-05-13 14:00:00,0.30333446666666664
2022-05-13 15:00:00,0.07510175
2022-05-13 16:00:00,0.24000116666666665
2022-05-13 17:00:00,0.11520146666666665
2022-05-13 18:00:00,0.01800063333333333
2022-05-13 19:00:00,0.0
2022-05-13 20:00:00,0.0
2022-05-13 21:00:00,0.0
2022-05-13 22:00:00,0.0
2022-05-13 23:00:00,0.0
2022-05-14 00:00:00,0.0
2022-05-14 01:00:00,0.0
2022-05-14 02:00:00,0.0
2022-05-14 03:00:00,0.0
2022-05-14 04:00:00,0.0
2022-05-14 05:00:00,0.0
2022-05-14 06:00:00,0.0
2022-05-14 07:00:00,0.0
2022-05-14 08:00:00,0.0
2022-05-14 09:00:00,0.0
2022-05-14 10:00:00,0.0
2022-05-14 11:00:00,0.0
2022-05-14 12:00:00,0.0
2022-05-14 13:00:00,0.0
2022-05-14 14:00:00,0.0
2022-05-14 15:00:00,0.0
2022-05-14 16:00:00,0.0
2022-05-14 17:00:00,0.0
2022-05-14 18:00:00,0.0
2022-05-14 19:00:00,0.0
2022-05-14 20:00:00,0.0
2022-05-14 21:00:00,0.0
2022-05-14 22:00:00,0.0
2022-05-14 23:00:00,0.0
2022-05-15 00:00:00,0.0
2022-05-15 01:00:00,0.0
2022-05-15 02:00:00,0.0
2022-05-15 03:00:00,0.0
2022-05-15 04:00:00,0.0
2022-05-15 05:00:00,0.0
2022-05-15 06:00:00,0.0
2022-05-15 07:00:00,0.0
2022-05-15 08:00:00,0.0
2022-05-15 09:00:00,0.0
2022-05-15 10:00:00,0.0
2022-05-15 11:00:00,0.0
2022-05-15 12:00:00,0.0
2022-05-15 13:00:00,0.0
2022-05-15 14:00:00,0.0
2022-05-15 15:00:00,0.0
2022-05-15 16:00:00,0.0
2022-05-15 17:00:00,0.0
2022-05-15 18:00:00,0.0
2022-05-15 19:00:00,0.0
2022-05-15 20:00:00,0.0
2022-05-15 21:00:00,0.0
2022-05-15 22:00:00,0.0
2022-05-15 23:00:00,0.0
2022-05-16 00:00:00,0.0
2022-05-16 01:00:00,0.0
2022-05-16 02:00:00,0.0
2022-05-16 03:00:00,0.0
2022-05-16 04:00:00,0.0
2022-05-16 05:00:00,0.0
2022-05-16 06:00:00,0.0
2022-05-16 07:00:00,0.0
2022-05-16 08:00:00,0.0
2022-05-16 09:00:00,0.0
2022-05-16 10:00:00,0.0
2022-05-16 11:00:00,2.5e-07
2022-05-16 12:00:00,0.19833376666666666
2022-05-16 13:00:00,0.35
2022-05-16 14:00:00,0.13416728333333333
2022-05-16 15:00:00,0.02333426666666667
2022-05-16 16:00:00,1e-06
2022-05-16 17:00:00,5.666666666666667e-07
2022-05-16 18:00:00,0.0
2022-05-16 19:00:00,0.0
2022-05-16 20:00:00,0.0
2022-05-16 21:00:00,0.0
2022-05-16 22:00:00,0.0
2022-05-16 23:00:00,0.0
2022-05-17 00:00:00,0.0
2022-05-17 01:00:00,0.0
2022-05-17 02:00:00,0.0
2022-05-17 03:00:00,0.0
2022-05-17 04:00:00,0.0
2022-05-17 05:00:00,0.0
2022-05-17 06:00:00,0.0
2022-05-17 07:00:00,0.0
2022-05-17 08:00:00,0.0
2022-05-17 09:00:00,0.0
2022-05-17 10:00:00,0.0
2022-05-17 11:00:00,0.0
2022-05-17 12:00:00,8.000000000000001e-07
2022-05-17 13:00:00,0.26250025
2022-05-17 14:00:00,1e-06
2022-05-17 15:00:00,0.34416668333333333
2022-05-17 16:00:00,0.1050007
2022-05-17 17:00:00,1e-06
2022-05-17 18:00:00,4.0000000000000003e-07
2022-05-17 19:00:00,0.0
2022-05-17 20:00:00,0.0
2022-05-17 21:00:00,0.0
2022-05-17 22:00:00,0.0
2022-05-17 23:00:00,0.0
2022-05-18 00:00:00,0.0
2022-05-18 01:00:00,0.0
2022-05-18 02:00:00,0.0
2022-05-18 03:00:00,0.0
2022-05-18 04:00:00,0.0
2022-05-18 05:00:00,0.0
2022-05-18 06:00:00,0.0
2022-05-18 07:00:00,0.0
2022-05-18 08:00:00,0.0
2022-05-18 09:00:00,0.0
2022-05-18 10:00:00,0.0
2022-05-18 11:00:00,0.0
2022-05-18 12:00:00,0.0
2022-05-18 13:00:00,0.0
2022-05-18 14:00:00,0.0
2022-05-18 15:00:00,0.0
2022-05-18 16:00:00,0.0
2022-05-18 17:00:00,0.0
2022-05-18 18:00:00,0.0
2022-05-18 19:00:00,0.0
2022-05-18 20:00:00,0.0
2022-05-18 21:00:00,0.0
2022-05-18 22:00:00,0.0
2022-05-18 23:00:00,0.0
2022-05-19 00:00:00,0.0
2022-05-19 01:00:00,0.0
2022-05-19 02:00:00,0.0
2022-05-19 03:00:00,0.0
2022-05-19 04:00:00,0.0
2022-05-19 05:00:00,0.0
2022-05-19 06:00:00,0.0
2022-05-19 07:00:00,0.0
2022-05-19 08:00:00,0.0
2022-05-19 09:00:00,0.0
2022-05-19 10:00:00,0.0
2022-05-19 11:00:00,2.3333333333333333e-07
2022-05-19 12:00:00,1e-06
2022-05-19 13:00:00,0.08750075
2022-05-19 14:00:00,1e-06
2022-05-19 15:00:00,0.3150001
2022-05-19 16:00:00,0.28000020000000003
2022-05-19 17:00:00,1e-06
2022-05-19 18:00:00,1.6666666666666667e-08
2022-05-19 19:00:00,0.0
2022-05-19 20:00:00,0.0
2022-05-19 21:00:00,0.0
2022-05-19 22:00:00,0.0
2022-05-19 23:00:00,0.0
2022-05-20 00:00:00,0.0
2022-05-20 01:00:00,0.0
2022-05-20 02:00:00,0.0
2022-05-20 03:00:00,0.0
2022-05-20 04:00:00,0.0
2022-05-20 05:00:00,0.0
2022-05-20 06:00:00,0.0
2022-05-20 07:00:00,0.0
2022-05-20 08:00:00,0.0
2022-05-20 09:00:00,0.0
2022-05-20 10:00:00,0.0
2022-05-20 11:00:00,3.333333333333333e-07
2022-05-20 12:00:00,0.003001516666666667
2022-05-20 13:00:00,0.22900053333333334
2022-05-20 14:00:00,2e-06
2022-05-20 15:00:00,0.14280143333333334
2022-05-20 16:00:00,0.2428006
2022-05-20 17:00:00,0.06600111666666666
2022-05-20 18:00:00,6.666666666666667e-08
2022-05-20 19:00:00,0.0
2022-05-20 20:00:00,0.0
2022-05-20 21:00:00,0.0
2022-05-20 22:00:00,0.0
2022-05-20 23:00:00,0.0
2022-05-21 00:00:00,0.0
2022-05-21 01:00:00,0.0
2022-05-21 02:00:00,0.0
2022-05-21 03:00:00,0.0
2022-05-21 04:00:00,0.0
2022-05-21 05:00:00,0.0
2022-05-21 06:00:00,0.0
2022-05-21 07:00:00,0.0
2022-05-21 08:00:00,0.0
2022-05-21 09:00:00,0.0
2022-05-21 10:00:00,0.0
2022-05-21 11:00:00,0.0
2022-05-21 12:00:00,0.0
2022-05-21 13:00:00,0.0
2022-05-21 14:00:00,0.0
2022-05-21 15:00:00,0.0
2022-05-21 16:00:00,0.0
2022-05-21 17:00:00,0.0
2022-05-21 18:00:00,0.0
2022-05-21 19:00:00,0.0
2022-05-21 20:00:00,0.0
2022-05-21 21:00:00,0.0
2022-05-21 22:00:00,0.0
2022-05-21 23:00:00,0.0
2022-05-22 00:00:00,0.0
2022-05-22 01:00:00,0.0
2022-05-22 02:00:00,0.0
2022-05-22 03:00:00,0.0
2022-05-22 04:00:00,0.0
2022-05-22 05:00:00,0.0
2022-05-22 06:00:00,0.0
2022-05-22 07:00:00,0.0
2022-05-22 08:00:00,0.0
2022-05-22 09:00:00,0.0
2022-05-22 10:00:00,0.0
2022-05-22 11:00:00,0.0
2022-05-22 12:00:00,0.0
2022-05-22 13:00:00,0.0
2022-05-22 14:00:00,0.0
2022-05-22 15:00:00,0.0
2022-05-22 16:00:00,0.0
2022-05-22 17:00:00,0.0
2022-05-22 18:00:00,0.0
2022-05-22 19:00:00,0.0
2022-05-22 20:00:00,0.0
2022-05-22 21:00:00,0.0
2022-05-22 22:00:00,0.0
2022-05-22 23:00:00,0.0
2022-05-23 00:00:00,0.0
2022-05-23 01:00:00,0.0
2022-05-23 02:00:00,0.0
2022-05-23 03:00:00,0.0
2022-05-23 04:00:00,0.0
2022-05-23 05:00:00,0.0
2022-05-23 06:00:00,0.0
2022-05-23 07:00:00,0.0
2022-05-23 08:00:00,0.0
2022-05-23 09:00:00,0.0
2022-05-23 10:00:00,0.0
2022-05-23 11:00:00,1.6666666666666667e-08
2022-05-23 12:00:00,1.916666666666667e-06
2022-05-23 13:00:00,0.13840125
2022-05-23 14:00:00,0.36600031666666666
2022-05-23 15:00:00,0.39000065
2022-05-23 16:00:00,0.012001900000000001
2022-05-23 17:00:00,1.8e-06
2022-05-23 18:00:00,0.0
2022-05-23 19:00:00,0.0
2022-05-23 20:00:00,0.0
2022-05-23 21:00:00,0.0
2022-05-23 22:00:00,0.0
2022-05-23 23:00:00,0.0
2022-05-24 00:00:00,0.0
2022-05-24 01:00:00,0.0
2022-05-24 02:00:00,0.0
2022-05-24 03:00:00,0.0
2022-05-24 04:00:00,0.0
2022-05-24 05:00:00,0.0
2022-05-24 06:00:00,0.0
2022-05-24 07:00:00,0.0
2022-05-24 08:00:00,0.0
2022-05-24 09:00:00,0.0
2022-05-24 10:00:00,0.0
2022-05-24 11:00:00,5.833333333333334e-07
2022-05-24 12:00:00,1e-06
2022-05-24 13:00:00,0.05580073333333333
2022-05-24 14:00:00,0.216
2022-05-24 15:00:00,0.11160048333333335
2022-05-24 16:00:00,1e-06
2022-05-24 17:00:00,9.333333333333333e-07
2022-05-24 18:00:00,0.0
2022-05-24 19:00:00,0.0
2022-05-24 20:00:00,0.0
2022-05-24 21:00:00,0.0
2022-05-24 22:00:00,0.0
2022-05-24 23:00:00,0.0
2022-05-25 00:00:00,0.0
2022-05-25 01:00:00,0.0
2022-05-25 02:00:00,0.0
2022-05-25 03:00:00,0.0
2022-05-25 04:00:00,0.0
2022-05-25 05:00:00,0.0
2022-05-25 06:00:00,0.0
2022-05-25 07:00:00,0.0
2022-05-25 08:00:00,0.0
2022-05-25 09:00:00,0.0
2022-05-25 10:00:00,0.0
2022-05-25 11:00:00,1.6666666666666665e-07
2022-05-25 12:00:00,0.004800866666666667
2022-05-25 13:00:00,1e-06
2022-05-25 14:00:00,0.2916001
2022-05-25 15:00:00,0.1998003833333333
2022-05-25 16:00:00,1e-06
2022-05-25 17:00:00,1e-06
2022-05-25 18:00:00,5.833333333333334e-07
2022-05-25 19:00:00,0.0
2022-05-25 20:00:00,0.0
2022-05-25 21:00:00,0.0
2022-05-25 22:00:00,0.0
2022-05-25 23:00:00,0.0
2022-05-26 00:00:00,0.0
2022-05-26 01:00:00,0.0
2022-05-26 02:00:00,0.0
2022-05-26 03:00:00,0.0
2022-05-26 04:00:00,0.0
2022-05-26 05:00:00,0.0
2022-05-26 06:00:00,0.0
2022-05-26 07:00:00,0.0
2022-05-26 08:00:00,0.0
2022-05-26 09:00:00,0.0
2022-05-26 10:00:00,0.0
2022-05-26 11:00:00,0.0
2022-05-26 12:00:00,0.0
2022-05-26 13:00:00,0.0
2022-05-26 14:00:00,0.0
2022-05-26 15:00:00,0.0
2022-05-26 16:00:00,0.0
2022-05-26 17:00:00,0.0
2022-05-26 18:00:00,0.0
2022-05-26 19:00:00,0.0
2022-05-26 20:00:00,0.0
2022-05-26 21:00:00,0.0
2022-05-26 22:00:00,0.0
2022-05-26 23:00:00,0.0
2022-05-27 00:00:00,0.0
2022-05-27 01:00:00,0.0
2022-05-27 02:00:00,0.0
2022-05-27 03:00:00,0.0
2022-05-27 04:00:00,0.0
2022-05-27 05:00:00,0.0
2022-05-27 06:00:00,0.0
2022-05-27 07:00:00,0.0
2022-05-27 08:00:00,0.0
2022-05-27 09:00:00,0.0
2022-05-27 10:00:00,0.0
2022-05-27 11:00:00,0.0
2022-05-27 12:00:00,0.0
2022-05-27 13:00:00,0.0
2022-05-27 14:00:00,0.0
2022-05-27 15:00:00,0.0
2022-05-27 16:00:00,0.0
2022-05-27 17:00:00,0.0
2022-05-27 18:00:00,0.0
2022-05-27 19:00:00,0.0
2022-05-27 20:00:00,0.0
2022-05-27 21:00:00,0.0
2022-05-27 22:00:00,0.0
2022-05-27 23:00:00,0.0
2022-05-28 00:00:00,0.0
2022-05-28 01:00:00,0.0
2022-05-28 02:00:00,0.0
2022-05-28 03:00:00,0.0
2022-05-28 04:00:00,0.0
2022-05-28 05:00:00,0.0
2022-05-28 06:00:00,0.0
2022-05-28 07:00:00,0.0
2022-05-28 08:00:00,0.0
2022-05-28 09:00:00,0.0
2022-05-28 10:00:00,0.0
2022-05-28 11:00:00,0.0
2022-05-28 12:00:00,0.0
2022-05-28 13:00:00,0.0
2022-05-28 14:00:00,0.0
2022-05-28 15:00:00,0.0
2022-05-28 16:00:00,0.0
2022-05-28 17:00:00,0.0
2022-05-28 18:00:00,0.0
2022-05-28 19:00:00,0.0
2022-05-28 20:00:00,0.0
2022-05-28 21:00:00,0.0
2022-05-28 22:00:00,0.0
2022-05-28 23:00:00,0.0
2022-05-29 00:00:00,0.0
2022-05-29 01:00:00,0.0
2022-05-29 02:00:00,0.0
2022-05-29 03:00:00,0.0
2022-05-29 04:00:00,0.0
2022-05-29 05:00:00,0.0
2022-05-29 06:00:00,0.0
2022-05-29 07:00:00,0.0
2022-05-29 08:00:00,0.0
2022-05-29 09:00:00,0.0
2022-05-29 10:00:00,0.0
2022-05-29 11:00:00,0.0
2022-05-29 12:00:00,0.0
2022-05-29 13:00:00,0.0
2022-05-29 14:00:00,0.0
2022-05-29 15:00:00,0.0
2022-05-29 16:00:00,0.0
2022-05-29 17:00:00,0.0
2022-05-29 18:00:00,0.0
2022-05-29 19:00:00,0.0
2022-05-29 20:00:00,0.0
2022-05-29 21:00:00,0.0
2022-05-29 22:00:00,0.0
2022-05-29 23:00:00,0.0
2022-05-30 00:00:00,0.0
2022-05-30 01:00:00,0.0
2022-05-30 02:00:00,0.0
2022-05-30 03:00:00,0.0
2022-05-30 04:00:00,0.0
2022-05-30 05:00:00,0.0
2022-05-30 06:00:00,0.0
2022-05-30 07:00:00,0.0
2022-05-30 08:00:00,0.0
2022-05-30 09:00:00,0.0
2022-05-30 10:00:00,0.0
2022-05-30 11:00:00,0.0
2022-05-30 12:00:00,0.0
2022-05-30 13:00:00,0.0
2022-05-30 14:00:00,0.0
2022-05-30 15:00:00,0.0
2022-05-30 16:00:00,0.0
2022-05-30 17:00:00,0.0
2022-05-30 18:00:00,0.0
2022-05-30 19:00:00,0.0
2022-05-30 20:00:00,0.0
2022-05-30 21:00:00,0.0
2022-05-30 22:00:00,0.0
2022-05-30 23:00:00,0.0
2022-05-31 00:00:00,0.0
2022-05-31 01:00:00,0.0
2022-05-31 02:00:00,0.0
2022-05-31 03:00:00,0.0
2022-05-31 04:00:00,0.0
2022-05-31 05:00:00,0.0
2022-05-31 06:00:00,0.0
2022-05-31 07:00:00,0.0
2022-05-31 08:00:00,0.0
2022-05-31 09:00:00,0.0
2022-05-31 10:00:00,0.0
2022-05-31 11:00:00,0.0
2022-05-31 12:00:00,0.10080048333333334
2022-05-31 13:00:00,1e-06
2022-05-31 14:00:00,0.024000833333333332
2022-05-31 15:00:00,0.144
2022-05-31 16:00:00,0.06240056666666667
2022-05-31 17:00:00,5e-07
2022-05-31 18:00:00,0.0
2022-05-31 19:00:00,0.0
2022-05-31 20:00:00,0.0
2022-05-31 21:00:00,0.0
2022-05-31 22:00:00,0.0
2022-05-31 23:00:00,0.0
2022-06-01 00:00:00,0.0
2022-06-01 01:00:00,0.0
2022-06-01 02:00:00,0.0
2022-06-01 03:00:00,0.0
2022-06-01 04:00:00,0.0
2022-06-01 05:00:00,0.0
2022-06-01 06:00:00,0.0
2022-06-01 07:00:00,0.0
2022-06-01 08:00:00,0.0
2022-06-01 09:00:00,0.0
2022-06-01 10:00:00,0.0
2022-06-01 11:00:00,6.000000000000001e-07
2022-06-01 12:00:00,0.9333352166666666
2022-06-01 13:00:00,8.000001000000001
2022-06-01 14:00:00,4.605334166666666
2022-06-01 15:00:00,3.853333866666667
2022-06-01 16:00:00,0.028001766666666664
2022-06-01 17:00:00,1.8333333333333333e-06
2022-06-01 18:00:00,0.04200013333333333
2022-06-01 19:00:00,0.0
2022-06-01 20:00:00,0.0
2022-06-01 21:00:00,0.0
2022-06-01 22:00:00,0.0
2022-06-01 23:00:00,0.0
2022-06-02 00:00:00,0.0
2022-06-02 01:00:00,0.0
2022-06-02 02:00:00,0.0
2022-06-02 03:00:00,0.0
2022-06-02 04:00:00,0.0
2022-06-02 05:00:00,0.0
2022-06-02 06:00:00,0.0
2022-06-02 07:00:00,0.0
2022-06-02 08:00:00,0.0
2022-06-02 09:00:00,0.0
2022-06-02 10:00:00,0.0
2022-06-02 11:00:00,3.333333333333333e-07
2022-06-02 12:00:00,0.08200098333333333
2022-06-02 13:00:00,0.14060114999999998
2022-06-02 14:00:00,0.29400005
2022-06-02 15:00:00,0.09500143333333334
2022-06-02 16:00:00,2e-06
2022-06-02 17:00:00,1.4833333333333332e-06
2022-06-02 18:00:00,0.0
2022-06-02 19:00:00,0.0
2022-06-02 20:00:00,0.0
2022-06-02 21:00:00,0.0
2022-06-02 22:00:00,0.0
2022-06-02 23:00:00,0.0
2022-06-03 00:00:00,0.0
2022-06-03 01:00:00,0.0
2022-06-03 02:00:00,0.0
2022-06-03 03:00:00,0.0
2022-06-03 04:00:00,0.0
2022-06-03 05:00:00,0.0
2022-06-03 06:00:00,0.0
2022-06-03 07:00:00,0.0
2022-06-03 08:00:00,0.0
2022-06-03 09:00:00,0.0
2022-06-03 10:00:00,0.0
2022-06-03 11:00:00,0.0
2022-06-03 12:00:00,0.0
2022-06-03 13:00:00,0.0
2022-06-03 14:00:00,0.0
2022-06-03 15:00:00,0.0
2022-06-03 16:00:00,0.0
2022-06-03 17:00:00,0.0
2022-06-03 18:00:00,0.0
2022-06-03 19:00:00,0.0
2022-06-03 20:00:00,0.0
2022-06-03 21:00:00,0.0
2022-06-03 22:00:00,0.0
2022-06-03 23:00:00,0.0
2022-06-04 00:00:00,0.0
2022-06-04 01:00:00,0.0
2022-06-04 02:00:00,0.0
2022-06-04 03:00:00,0.0
2022-06-04 04:00:00,0.0
2022-06-04 05:00:00,0.0
2022-06-04 06:00:00,0.0
2022-06-04 07:00:00,0.0
2022-06-04 08:00:00,0.0
2022-06-04 09:00:00,0.0
2022-06-04 10:00:00,0.0
2022-06-04 11:00:00,0.0
2022-06-04 12:00:00,0.0
2022-06-04 13:00:00,0.0
2022-06-04 14:00:00,0.0
2022-06-04 15:00:00,0.0
2022-06-04 16:00:00,0.0
2022-06-04 17:00:00,0.0
2022-06-04 18:00:00,0.0
2022-06-04 19:00:00,0.0
2022-06-04 20:00:00,0.0
2022-06-04 21:00:00,0.0
2022-06-04 22:00:00,0.0
2022-06-04 23:00:00,0.0
2022-06-05 00:00:00,0.0
2022-06-05 01:00:00,0.0
2022-06-05 02:00:00,0.0
2022-06-05 03:00:00,0.0
2022-06-05 04:00:00,0.0
2022-06-05 05:00:00,0.0
2022-06-05 06:00:00,0.0
2022-06-05 07:00:00,0.0
2022-06-05 08:00:00,0.0
2022-06-05 09:00:00,0.0
2022-06-05 10:00:00,0.0
2022-06-05 11:00:00,0.0
2022-06-05 12:00:00,0.0
2022-06-05 13:00:00,0.0
2022-06-05 14:00:00,0.0
2022-06-05 15:00:00,0.0
2022-06-05 16:00:00,0.0
2022-06-05 17:00:00,0.0
2022-06-05 18:00:00,0.0
2022-06-05 19:00:00,0.0
2022-06-05 20:00:00,0.0
2022-06-05 21:00:00,0.0
2022-06-05 22:00:00,0.0
2022-06-05 23:00:00,0.0
2022-06-06 00:00:00,0.0
2022-06-06 01:00:00,0.0
2022-06-06 02:00:00,0.0
2022-06-06 03:00:00,0.0
2022-06-06 04:00:00,0.0
2022-06-06 05:00:00,0.0
2022-06-06 06:00:00,0.0
2022-06-06 07:00:00,0.0
2022-06-06 08:00:00,0.0
2022-06-06 09:00:00,0.0
2022-06-06 10:00:00,0.0
2022-06-06 11:00:00,0.0
2022-06-06 12:00:00,0.0
2022-06-06 13:00:00,0.0
2022-06-06 14:00:00,0.0
2022-06-06 15:00:00,0.0
2022-06-06 16:00:00,0.0
2022-06-06 17:00:00,0.0
2022-06-06 18:00:00,0.0
2022-06-06 19:00:00,0.0
2022-06-06 20:00:00,0.0
2022-06-06 21:00:00,0.0
2022-06-06 22:00:00,0.0
2022-06-06 23:00:00,0.0
2022-06-07 00:00:00,0.0
2022-06-07 01:00:00,0.0
2022-06-07 02:00:00,0.0
2022-06-07 03:00:00,0.0
2022-06-07 04:00:00,0.0
2022-06-07 05:00:00,0.0
2022-06-07 06:00:00,0.0
2022-06-07 07:00:00,0.0
2022-06-07 08:00:00,0.0
2022-06-07 09:00:00,0.0
2022-06-07 10:00:00,0.0
2022-06-07 11:00:00,0.0
2022-06-07 12:00:00,0.0
2022-06-07 13:00:00,0.0
2022-06-07 14:00:00,0.0
2022-06-07 15:00:00,0.0
2022-06-07 16:00:00,0.0
2022-06-07 17:00:00,0.0
2022-06-07 18:00:00,0.0
2022-06-07 19:00:00,0.0
2022-06-07 20:00:00,0.0
2022-06-07 21:00:00,0.0
2022-06-07 22:00:00,0.0
2022-06-07 23:00:00,0.0
2022-06-08 00:00:00,0.0
2022-06-08 01:00:00,0.0
2022-06-08 02:00:00,0.0
2022-06-08 03:00:00,0.0
2022-06-08 04:00:00,0.0
2022-06-08 05:00:00,0.0
2022-06-08 06:00:00,0.0
2022-06-08 07:00:00,0.0
2022-06-08 08:00:00,0.0
2022-06-08 09:00:00,0.0
2022-06-08 10:00:00,0.0
2022-06-08 11:00:00,0.0
2022-06-08 12:00:00,6.333333333333333e-07
2022-06-08 13:00:00,0.029167583333333334
2022-06-08 14:00:00,0.35
2022-06-08 15:00:00,0.12833396666666666
2022-06-08 16:00:00,0.22750035
2022-06-08 17:00:00,1e-06
2022-06-08 18:00:00,1.6666666666666665e-07
2022-06-08 19:00:00,0.0
2022-06-08 20:00:00,0.0
2022-06-08 21:00:00,0.0
2022-06-08 22:00:00,0.0
2022-06-08 23:00:00,0.0
2022-06-09 00:00:00,0.0
2022-06-09 01:00:00,0.0
2022-06-09 02:00:00,0.0
2022-06-09 03:00:00,0.0
2022-06-09 04:00:00,0.0
2022-06-09 05:00:00,0.0
2022-06-09 06:00:00,0.0
2022-06-09 07:00:00,0.0
2022-06-09 08:00:00,0.0
2022-06-09 09:00:00,0.0
2022-06-09 10:00:00,0.0
2022-06-09 11:00:00,0.0
2022-06-09 12:00:00,0.0
2022-06-09 13:00:00,0.0
2022-06-09 14:00:00,0.0
2022-06-09 15:00:00,0.0
2022-06-09 16:00:00,0.0
2022-06-09 17:00:00,0.0
2022-06-09 18:00:00,0.0
2022-06-09 19:00:00,0.0
2022-06-09 20:00:00,0.0
2022-06-09 21:00:00,0.0
2022-06-09 22:00:00,0.0
2022-06-09 23:00:00,0.0
2022-06-10 00:00:00,0.0
2022-06-10 01:00:00,0.0
2022-06-10 02:00:00,0.0
2022-06-10 03:00:00,0.0
2022-06-10 04:00:00,0.0
2022-06-10 05:00:00,0.0
2022-06-10 06:00:00,0.0
2022-06-10 07:00:00,0.0
2022-06-10 08:00:00,0.0
2022-06-10 09:00:00,0.0
2022-06-10 10:00:00,0.0
2022-06-10 11:00:00,4.833333333333333e-07
2022-06-10 12:00:00,1e-06
2022-06-10 13:00:00,0.22750035
2022-06-10 14:00:00,0.16333386666666666
2022-06-10 15:00:00,1e-06
2022-06-10 16:00:00,0.15750055000000002
2022-06-10 17:00:00,0.19833335
2022-06-10 18:00:00,0.0
2022-06-10 19:00:00,0.0
2022-06-10 20:00:00,0.0
2022-06-10 21:00:00,0.0
2022-06-10 22:00:00,0.0
2022-06-10 23:00:00,0.0
2022-06-11 00:00:00,0.0
2022-06-11 01:00:00,0.0
2022-06-11 02:00:00,0.0
2022-06-11 03:00:00,0.0
2022-06-11 04:00:00,0.0
2022-06-11 05:00:00,0.0
2022-06-11 06:00:00,0.0
2022-06-11 07:00:00,0.0
2022-06-11 08:00:00,0.0
2022-06-11 09:00:00,0.0
2022-06-11 10:00:00,0.0
2022-06-11 11:00:00,0.0
2022-06-11 12:00:00,0.0
2022-06-11 13:00:00,0.0
2022-06-11 14:00:00,0.0
2022-06-11 15:00:00,0.0
2022-06-11 16:00:00,0.0
2022-06-11 17:00:00,0.0
2022-06-11 18:00:00,0.0
2022-06-11 19:00:00,0.0
2022-06-11 20:00:00,0.0
2022-06-11 21:00:00,0.0
2022-06-11 22:00:00,0.0
2022-06-11 23:00:00,0.0
2022-06-12 00:00:00,0.0
2022-06-12 01:00:00,0.0
2022-06-12 02:00:00,0.0
2022-06-12 03:00:00,0.0
2022-06-12 04:00:00,0.0
2022-06-12 05:00:00,0.0
2022-06-12 06:00:00,0.0
2022-06-12 07:00:00,0.0
2022-06-12 08:00:00,0.0
2022-06-12 09:00:00,0.0
2022-06-12 10:00:00,0.0
2022-06-12 11:00:00,0.0
2022-06-12 12:00:00,0.0
2022-06-12 13:00:00,0.0
2022-06-12 14:00:00,0.0
2022-06-12 15:00:00,0.0
2022-06-12 16:00:00,0.0
2022-06-12 17:00:00,0.0
2022-06-12 18:00:00,0.0
2022-06-12 19:00:00,0.0
2022-06-12 20:00:00,0.0
2022-06-12 21:00:00,0.0
2022-06-12 22:00:00,0.0
2022-06-12 23:00:00,0.0
2022-06-13 00:00:00,0.0
2022-06-13 01:00:00,0.0
2022-06-13 02:00:00,0.0
2022-06-13 03:00:00,0.0
2022-06-13 04:00:00,0.0
2022-06-13 05:00:00,0.0
2022-06-13 06:00:00,0.0
2022-06-13 07:00:00,0.0
2022-06-13 08:00:00,0.0
2022-06-13 09:00:00,0.0
2022-06-13 10:00:00,0.0
2022-06-13 11:00:00,2.6666666666666667e-07
2022-06-13 12:00:00,0.05800051666666666
2022-06-13 13:00:00,0.12
2022-06-13 14:00:00,0.062000483333333335
2022-06-13 15:00:00,1e-06
2022-06-13 16:00:00,1e-06
2022-06-13 17:00:00,7e-07
2022-06-13 18:00:00,0.0
2022-06-13 19:00:00,0.0
2022-06-13 20:00:00,0.0
2022-06-13 21:00:00,0.0
2022-06-13 22:00:00,0.0
2022-06-13 23:00:00,0.0
2022-06-14 00:00:00,0.0
2022-06-14 01:00:00,0.0
2022-06-14 02:00:00,0.0
2022-06-14 03:00:00,0.0
2022-06-14 04:00:00,0.0
2022-06-14 05:00:00,0.0
2022-06-14 06:00:00,0.0
2022-06-14 07:00:00,0.0
2022-06-14 08:00:00,0.0
2022-06-14 09:00:00,0.0
2022-06-14 10:00:00,0.0
2022-06-14 11:00:00,0.0
2022-06-14 12:00:00,7.166666666666668e-07
2022-06-14 13:00:00,0.07583411666666666
2022-06-14 14:00:00,1e-06
2022-06-14 15:00:00,1e-06
2022-06-14 16:00:00,0.22750035
2022-06-14 17:00:00,0.32083341666666665
2022-06-14 18:00:00,1.3333333333333334e-07
2022-06-14 19:00:00,0.0
2022-06-14 20:00:00,0.0
2022-06-14 21:00:00,0.0
2022-06-14 22:00:00,0.0
2022-06-14 23:00:00,0.0
2022-06-15 00:00:00,0.0
2022-06-15 01:00:00,0.0
2022-06-15 02:00:00,0.0
2022-06-15 03:00:00,0.0
2022-06-15 04:00:00,0.0
2022-06-15 05:00:00,0.0
2022-06-15 06:00:00,0.0
2022-06-15 07:00:00,0.0
2022-06-15 08:00:00,0.0
2022-06-15 09:00:00,0.0
2022-06-15 10:00:00,0.0
2022-06-15 11:00:00,5.833333333333334e-07
2022-06-15 12:00:00,0.14040035
2022-06-15 13:00:00,0.060600233333333337
2022-06-15 14:00:00,0.0054008500000000004
2022-06-15 15:00:00,1e-06
2022-06-15 16:00:00,1e-06
2022-06-15 17:00:00,0.025200649999999998
2022-06-15 18:00:00,0.008400016666666666
2022-06-15 19:00:00,0.0
2022-06-15 20:00:00,0.0
2022-06-15 21:00:00,0.0
2022-06-15 22:00:00,0.0
2022-06-15 23:00:00,0.0
2022-06-16 00:00:00,0.0
2022-06-16 01:00:00,0.0
2022-06-16 02:00:00,0.0
2022-06-16 03:00:00,0.0
2022-06-16 04:00:00,0.0
2022-06-16 05:00:00,0.0
2022-06-16 06:00:00,0.0
2022-06-16 07:00:00,0.0
2022-06-16 08:00:00,0.0
2022-06-16 09:00:00,0.0
2022-06-16 10:00:00,0.0
2022-06-16 11:00:00,0.0
2022-06-16 12:00:00,0.0
2022-06-16 13:00:00,0.0
2022-06-16 14:00:00,0.0
2022-06-16 15:00:00,0.0
2022-06-16 16:00:00,0.0
2022-06-16 17:00:00,0.0
2022-06-16 18:00:00,0.0
2022-06-16 19:00:00,0.0
2022-06-16 20:00:00,0.0
2022-06-16 21:00:00,0.0
2022-06-16 22:00:00,0.0
2022-06-16 23:00:00,0.0
2022-06-17 00:00:00,0.0
2022-06-17 01:00:00,0.0
2022-06-17 02:00:00,0.0
2022-06-17 03:00:00,0.0
2022-06-17 04:00:00,0.0
2022-06-17 05:00:00,0.0
2022-06-17 06:00:00,0.0
2022-06-17 07:00:00,0.0
2022-06-17 08:00:00,0.0
2022-06-17 09:00:00,0.0
2022-06-17 10:00:00,0.0
2022-06-17 11:00:00,0.0
2022-06-17 12:00:00,1.8833333333333334e-06
2022-06-17 13:00:00,5.066668033333333
2022-06-17 14:00:00,5.6000013
2022-06-17 15:00:00,0.010801850000000002
2022-06-17 16:00:00,1.0053342166666666
2022-06-17 17:00:00,3.6654002666666665
2022-06-17 18:00:00,8.333333333333333e-08
2022-06-17 19:00:00,0.0
2022-06-17 20:00:00,0.0
2022-06-17 21:00:00,0.0
2022-06-17 22:00:00,0.0
2022-06-17 23:00:00,0.0
2022-06-18 00:00:00,0.0
2022-06-18 01:00:00,0.0
2022-06-18 02:00:00,0.0
2022-06-18 03:00:00,0.0
2022-06-18 04:00:00,0.0
2022-06-18 05:00:00,0.0
2022-06-18 06:00:00,0.0
2022-06-18 07:00:00,0.0
2022-06-18 08:00:00,0.0
2022-06-18 09:00:00,0.0
2022-06-18 10:00:00,0.0
2022-06-18 11:00:00,0.0
2022-06-18 12:00:00,0.0
2022-06-18 13:00:00,0.0
2022-06-18 14:00:00,0.0
2022-06-18 15:00:00,0.0
2022-06-18 16:00:00,0.0
2022-06-18 17:00:00,0.0
2022-06-18 18:00:00,0.0
2022-06-18 19:00:00,0.0
2022-06-18 20:00:00,0.0
2022-06-18 21:00:00,0.0
2022-06-18 22:00:00,0.0
2022-06-18 23:00:00,0.0
2022-06-19 00:00:00,0.0
2022-06-19 01:00:00,0.0
2022-06-19 02:00:00,0.0
2022-06-19 03:00:00,0.0
2022-06-19 04:00:00,0.0
2022-06-19 05:00:00,0.0
2022-06-19 06:00:00,0.0
2022-06-19 07:00:00,0.0
2022-06-19 08:00:00,0.0
2022-06-19 09:00:00,0.0
2022-06-19 10:00:00,0.0
2022-06-19 11:00:00,0.0
2022-06-19 12:00:00,0.0
2022-06-19 13:00:00,0.0
2022-06-19 14:00:00,0.0
2022-06-19 15:00:00,0.0
2022-06-19 16:00:00,0.0
2022-06-19 17:00:00,0.0
2022-06-19 18:00:00,0.0
2022-06-19 19:00:00,0.0
2022-06-19 20:00:00,0.0
2022-06-19 21:00:00,0.0
2022-06-19 22:00:00,0.0
2022-06-19 23:00:00,0.0
2022-06-20 00:00:00,0.0
2022-06-20 01:00:00,0.0
2022-06-20 02:00:00,0.0
2022-06-20 03:00:00,0.0
2022-06-20 04:00:00,0.0
2022-06-20 05:00:00,0.0
2022-06-20 06:00:00,0.0
2022-06-20 07:00:00,0.0
2022-06-20 08:00:00,0.0
2022-06-20 09:00:00,0.0
2022-06-20 10:00:00,0.0
2022-06-20 11:00:00,0.0
2022-06-20 12:00:00,0.0
2022-06-20 13:00:00,0.0
2022-06-20 14:00:00,0.0
2022-06-20 15:00:00,0.0
2022-06-20 16:00:00,0.0
2022-06-20 17:00:00,0.0
2022-06-20 18:00:00,0.0
2022-06-20 19:00:00,0.0
2022-06-20 20:00:00,0.0
2022-06-20 21:00:00,0.0
2022-06-20 22:00:00,0.0
2022-06-20 23:00:00,0.0
2022-06-21 00:00:00,0.0
2022-06-21 01:00:00,0.0
2022-06-21 02:00:00,0.0
2022-06-21 03:00:00,0.0
2022-06-21 04:00:00,0.0
2022-06-21 05:00:00,0.0
2022-06-21 06:00:00,0.0
2022-06-21 07:00:00,0.0
2022-06-21 08:00:00,0.0
2022-06-21 09:00:00,0.0
2022-06-21 10:00:00,0.0
2022-06-21 11:00:00,0.0
2022-06-21 12:00:00,0.0
2022-06-21 13:00:00,0.0
2022-06-21 14:00:00,0.0
2022-06-21 15:00:00,0.0
2022-06-21 16:00:00,0.0
2022-06-21 17:00:00,0.0
2022-06-21 18:00:00,0.0
2022-06-21 19:00:00,0.0
2022-06-21 20:00:00,0.0
2022-06-21 21:00:00,0.0
2022-06-21 22:00:00,0.0
2022-06-21 23:00:00,0.0
2022-06-22 00:00:00,0.0
2022-06-22 01:00:00,0.0
2022-06-22 02:00:00,0.0
2022-06-22 03:00:00,0.0
2022-06-22 04:00:00,0.0
2022-06-22 05:00:00,0.0
2022-06-22 06:00:00,0.0
2022-06-22 07:00:00,0.0
2022-06-22 08:00:00,0.0
2022-06-22 09:00:00,0.0
2022-06-22 10:00:00,0.0
2022-06-22 11:00:00,4.6666666666666666e-07
2022-06-22 12:00:00,0.03360135
2022-06-22 13:00:00,0.24820056666666668
2022-06-22 14:00:00,0.13680053333333334
2022-06-22 15:00:00,0.03400171666666667
2022-06-22 16:00:00,0.17640129999999998
2022-06-22 17:00:00,1.5166666666666666e-06
2022-06-22 18:00:00,5.0000000000000004e-08
2022-06-22 19:00:00,0.0
2022-06-22 20:00:00,0.0
2022-06-22 21:00:00,0.0
2022-06-22 22:00:00,0.0
2022-06-22 23:00:00,0.0
2022-06-23 00:00:00,0.0
2022-06-23 01:00:00,0.0
2022-06-23 02:00:00,0.0
2022-06-23 03:00:00,0.0
2022-06-23 04:00:00,0.0
2022-06-23 05:00:00,0.0
2022-06-23 06:00:00,0.0
2022-06-23 07:00:00,0.0
2022-06-23 08:00:00,0.0
2022-06-23 09:00:00,0.0
2022-06-23 10:00:00,0.0
2022-06-23 11:00:00,0.0060003
2022-06-23 12:00:00,1e-06
2022-06-23 13:00:00,0.21120026666666666
2022-06-23 14:00:00,1e-06
2022-06-23 15:00:00,0.01800075
2022-06-23 16:00:00,0.072
2022-06-23 17:00:00,0.007200466666666667
2022-06-23 18:00:00,0.0
2022-06-23 19:00:00,0.0
2022-06-23 20:00:00,0.0
2022-06-23 21:00:00,0.0
2022-06-23 22:00:00,0.0
2022-06-23 23:00:00,0.0
2022-06-24 00:00:00,0.0
2022-06-24 01:00:00,0.0
2022-06-24 02:00:00,0.0
2022-06-24 03:00:00,0.0
2022-06-24 04:00:00,0.0
2022-06-24 05:00:00,0.0
2022-06-24 06:00:00,0.0
2022-06-24 07:00:00,0.0
2022-06-24 08:00:00,0.0
2022-06-24 09:00:00,0.0
2022-06-24 10:00:00,0.0
2022-06-24 11:00:00,1.0000000000000001e-07
2022-06-24 12:00:00,2.65e-06
2022-06-24 13:00:00,0.23333566666666664
2022-06-24 14:00:00,5.416668033333333
2022-06-24 15:00:00,3.9350016833333332
2022-06-24 16:00:00,6.676667783333333
2022-06-24 17:00:00,0.11616898333333334
2022-06-24 18:00:00,0.0180004
2022-06-24 19:00:00,0.0
2022-06-24 20:00:00,0.0
2022-06-24 21:00:00,0.0
2022-06-24 22:00:00,0.0
2022-06-24 23:00:00,0.0
2022-06-25 00:00:00,0.0
2022-06-25 01:00:00,0.0
2022-06-25 02:00:00,0.0
2022-06-25 03:00:00,0.0
2022-06-25 04:00:00,0.0
2022-06-25 05:00:00,0.0
2022-06-25 06:00:00,0.0
2022-06-25 07:00:00,0.0
2022-06-25 08:00:00,0.0
2022-06-25 09:00:00,0.0
2022-06-25 10:00:00,0.0
2022-06-25 11:00:00,0.0
2022-06-25 12:00:00,0.0
2022-06-25 13:00:00,0.0
2022-06-25 14:00:00,0.0
2022-06-25 15:00:00,0.0
2022-06-25 16:00:00,0.0
2022-06-25 17:00:00,0.0
2022-06-25 18:00:00,0.0
2022-06-25 19:00:00,0.0
2022-06-25 20:00:00,0.0
2022-06-25 21:00:00,0.0
2022-06-25 22:00:00,0.0
2022-06-25 23:00:00,0.0
2022-06-26 00:00:00,0.0
2022-06-26 01:00:00,0.0
2022-06-26 02:00:00,0.0
2022-06-26 03:00:00,0.0
2022-06-26 04:00:00,0.0
2022-06-26 05:00:00,0.0
2022-06-26 06:00:00,0.0
2022-06-26 07:00:00,0.0
2022-06-26 08:00:00,0.0
2022-06-26 09:00:00,0.0
2022-06-26 10:00:00,0.0
2022-06-26 11:00:00,0.0
2022-06-26 12:00:00,0.0
2022-06-26 13:00:00,0.0
2022-06-26 14:00:00,0.0
2022-06-26 15:00:00,0.0
2022-06-26 16:00:00,0.0
2022-06-26 17:00:00,0.0
2022-06-26 18:00:00,0.0
2022-06-26 19:00:00,0.0
2022-06-26 20:00:00,0.0
2022-06-26 21:00:00,0.0
2022-06-26 22:00:00,0.0
2022-06-26 23:00:00,0.0
2022-06-27 00:00:00,0.0
2022-06-27 01:00:00,0.0
2022-06-27 02:00:00,0.0
2022-06-27 03:00:00,0.0
2022-06-27 04:00:00,0.0
2022-06-27 05:00:00,0.0
2022-06-27 06:00:00,0.0
2022-06-27 07:00:00,0.0
2022-06-27 08:00:00,0.0
2022-06-27 09:00:00,0.0
2022-06-27 10:00:00,0.0
2022-06-27 11:00:00,3.333333366666667
2022-06-27 12:00:00,6.056000350000001
2022-06-27 13:00:00,2e-06
2022-06-27 14:00:00,0.03400171666666667
2022-06-27 15:00:00,0.12000100000000001
2022-06-27 16:00:00,1.8986681666666665
2022-06-27 17:00:00,0.9333348333333332
2022-06-27 18:00:00,3.8666666666666667
2022-06-27 19:00:00,0.0
2022-06-27 20:00:00,0.0
2022-06-27 21:00:00,0.0
2022-06-27 22:00:00,0.0
2022-06-27 23:00:00,0.0
2022-06-28 00:00:00,0.0
2022-06-28 01:00:00,0.0
2022-06-28 02:00:00,0.0
2022-06-28 03:00:00,0.0
2022-06-28 04:00:00,0.0
2022-06-28 05:00:00,0.0
2022-06-28 06:00:00,0.0
2022-06-28 07:00:00,0.0
2022-06-28 08:00:00,0.0
2022-06-28 09:00:00,0.0
2022-06-28 10:00:00,0.0
2022-06-28 11:00:00,0.0
2022-06-28 12:00:00,0.0
2022-06-28 13:00:00,0.0
2022-06-28 14:00:00,0.0
2022-06-28 15:00:00,0.0
2022-06-28 16:00:00,0.0
2022-06-28 17:00:00,0.0
2022-06-28 18:00:00,0.0
2022-06-28 19:00:00,0.0
2022-06-28 20:00:00,0.0
2022-06-28 21:00:00,0.0
2022-06-28 22:00:00,0.0
2022-06-28 23:00:00,0.0
2022-06-29 00:00:00,0.0
2022-06-29 01:00:00,0.0
2022-06-29 02:00:00,0.0
2022-06-29 03:00:00,0.0
2022-06-29 04:00:00,0.0
2022-06-29 05:00:00,0.0
2022-06-29 06:00:00,0.0
2022-06-29 07:00:00,0.0
2022-06-29 08:00:00,0.0
2022-06-29 09:00:00,0.0
2022-06-29 10:00:00,0.0
2022-06-29 11:00:00,1.1666666666666667e-07
2022-06-29 12:00:00,1.7333333333333334e-06
2022-06-29 13:00:00,0.020001833333333333
2022-06-29 14:00:00,0.43500010000000006
2022-06-29 15:00:00,0.39116709999999993
2022-06-29 16:00:00,0.009835283333333333
2022-06-29 17:00:00,0.034001583333333335
2022-06-29 18:00:00,3.5e-07
2022-06-29 19:00:00,0.0
2022-06-29 20:00:00,0.0
2022-06-29 21:00:00,0.0
2022-06-29 22:00:00,0.0
2022-06-29 23:00:00,0.0
2022-06-30 00:00:00,0.0
2022-06-30 01:00:00,0.0
2022-06-30 02:00:00,0.0
2022-06-30 03:00:00,0.0
2022-06-30 04:00:00,0.0
2022-06-30 05:00:00,0.0
2022-06-30 06:00:00,0.0
2022-06-30 07:00:00,0.0
2022-06-30 08:00:00,0.0
2022-06-30 09:00:00,0.0
2022-06-30 10:00:00,0.0
2022-06-30 11:00:00,0.0
2022-06-30 12:00:00,0.0
2022-06-30 13:00:00,0.0
2022-06-30 14:00:00,0.0
2022-06-30 15:00:00,0.0
2022-06-30 16:00:00,0.0
2022-06-30 17:00:00,0.0
2022-06-30 18:00:00,0.0
2022-06-30 19:00:00,0.0
2022-06-30 20:00:00,0.0
2022-06-30 21:00:00,0.0
2022-06-30 22:00:00,0.0
2022-06-30 23:00:00,0.0
2022-07-01 00:00:00,0.0
2022-07-01 01:00:00,0.0
2022-07-01 02:00:00,0.0
2022-07-01 03:00:00,0.0
2022-07-01 04:00:00,0.0
2022-07-01 05:00:00,0.0
2022-07-01 06:00:00,0.0
2022-07-01 07:00:00,0.0
2022-07-01 08:00:00,0.0
2022-07-01 09:00:00,0.0
2022-07-01 10:00:00,0.0
2022-07-01 11:00:00,3.3333333333333334e-08
2022-07-01 12:00:00,0.18720035000000002
2022-07-01 13:00:00,0.03360088333333334
2022-07-01 14:00:00,1e-06
2022-07-01 15:00:00,0.019800816666666665
2022-07-01 16:00:00,0.108
2022-07-01 17:00:00,0.0036005
2022-07-01 18:00:00,0.0
2022-07-01 19:00:00,0.0
2022-07-01 20:00:00,0.0
2022-07-01 21:00:00,0.0
2022-07-01 22:00:00,0.0
2022-07-01 23:00:00,0.0
2022-07-02 00:00:00,0.0
2022-07-02 01:00:00,0.0
2022-07-02 02:00:00,0.0
2022-07-02 03:00:00,0.0
2022-07-02 04:00:00,0.0
2022-07-02 05:00:00,0.0
2022-07-02 06:00:00,0.0
2022-07-02 07:00:00,0.0
2022-07-02 08:00:00,0.0
2022-07-02 09:00:00,0.0
2022-07-02 10:00:00,0.0
2022-07-02 11:00:00,0.0
2022-07-02 12:00:00,0.0
2022-07-02 13:00:00,0.0
2022-07-02 14:00:00,0.0
2022-07-02 15:00:00,0.0
2022-07-02 16:00:00,0.0
2022-07-02 17:00:00,0.0
2022-07-02 18:00:00,0.0
2022-07-02 19:00:00,0.0
2022-07-02 20:00:00,0.0
2022-07-02 21:00:00,0.0
2022-07-02 22:00:00,0.0
2022-07-02 23:00:00,0.0
2022-07-03 00:00:00,0.0
2022-07-03 01:00:00,0.0
2022-07-03 02:00:00,0.0
2022-07-03 03:00:00,0.0
2022-07-03 04:00:00,0.0
2022-07-03 05:00:00,0.0
2022-07-03 06:00:00,0.0
2022-07-03 07:00:00,0.0
2022-07-03 08:00:00,0.0
2022-07-03 09:00:00,0.0
2022-07-03 10:00:00,0.0
2022-07-03 11:00:00,0.0
2022-07-03 12:00:00,0.0
2022-07-03 13:00:00,0.0
2022-07-03 14:00:00,0.0
2022-07-03 15:00:00,0.0
2022-07-03 16:00:00,0.0
2022-07-03 17:00:00,0.0
2022-07-03 18:00:00,0.0
2022-07-03 19:00:00,0.0
2022-07-03 20:00:00,0.0
2022-07-03 21:00:00,0.0
2022-07-03 22:00:00,0.0
2022-07-03 23:00:00,0.0
2022-07-04 00:00:00,0.0
2022-07-04 01:00:00,0.0
2022-07-04 02:00:00,0.0
2022-07-04 03:00:00,0.0
2022-07-04 04:00:00,0.0
2022-07-04 05:00:00,0.0
2022-07-04 06:00:00,0.0
2022-07-04 07:00:00,0.0
2022-07-04 08:00:00,0.0
2022-07-04 09:00:00,0.0
2022-07-04 10:00:00,0.0
2022-07-04 11:00:00,2.8333333333333336e-07
2022-07-04 12:00:00,0.21000039999999998
2022-07-04 13:00:00,0.12250064999999999
2022-07-04 14:00:00,1e-06
2022-07-04 15:00:00,1e-06
2022-07-04 16:00:00,0.2916668333333333
2022-07-04 17:00:00,0.15166723333333332
2022-07-04 18:00:00,1.8333333333333333e-07
2022-07-04 19:00:00,0.0
2022-07-04 20:00:00,0.0
2022-07-04 21:00:00,0.0
2022-07-04 22:00:00,0.0
2022-07-04 23:00:00,0.0
2022-07-05 00:00:00,0.0
2022-07-05 01:00:00,0.0
2022-07-05 02:00:00,0.0
2022-07-05 03:00:00,0.0
2022-07-05 04:00:00,0.0
2022-07-05 05:00:00,0.0
2022-07-05 06:00:00,0.0
2022-07-05 07:00:00,0.0
2022-07-05 08:00:00,0.0
2022-07-05 09:00:00,0.0
2022-07-05 10:00:00,0.0
2022-07-05 11:00:00,0.0
2022-07-05 12:00:00,0.0
2022-07-05 13:00:00,0.0
2022-07-05 14:00:00,0.0
2022-07-05 15:00:00,0.0
2022-07-05 16:00:00,0.0
2022-07-05 17:00:00,0.0
2022-07-05 18:00:00,0.0
2022-07-05 19:00:00,0.0
2022-07-05 20:00:00,0.0
2022-07-05 21:00:00,0.0
2022-07-05 22:00:00,0.0
2022-07-05 23:00:00,0.0
2022-07-06 00:00:00,0.0
2022-07-06 01:00:00,0.0
2022-07-06 02:00:00,0.0
2022-07-06 03:00:00,0.0
2022-07-06 04:00:00,0.0
2022-07-06 05:00:00,0.0
2022-07-06 06:00:00,0.0
2022-07-06 07:00:00,0.0
2022-07-06 08:00:00,0.0
2022-07-06 09:00:00,0.0
2022-07-06 10:00:00,0.0
2022-07-06 11:00:00,3.3333333333333334e-08
2022-07-06 12:00:00,0.058334933333333325
2022-07-06 13:00:00,0.35000099999999995
2022-07-06 14:00:00,0.3633007833333333
2022-07-06 15:00:00,2e-06
2022-07-06 16:00:00,0.20366796666666667
2022-07-06 17:00:00,0.03420168333333334
2022-07-06 18:00:00,0.025200550000000002
2022-07-06 19:00:00,0.0
2022-07-06 20:00:00,0.0
2022-07-06 21:00:00,0.0
2022-07-06 22:00:00,0.0
2022-07-06 23:00:00,0.0
2022-07-07 00:00:00,0.0
2022-07-07 01:00:00,0.0
2022-07-07 02:00:00,0.0
2022-07-07 03:00:00,0.0
2022-07-07 04:00:00,0.0
2022-07-07 05:00:00,0.0
2022-07-07 06:00:00,0.0
2022-07-07 07:00:00,0.0
2022-07-07 08:00:00,0.0
2022-07-07 09:00:00,0.0
2022-07-07 10:00:00,0.0
2022-07-07 11:00:00,3.3333333333333334e-08
2022-07-07 12:00:00,1e-06
2022-07-07 13:00:00,0.08166743333333333
2022-07-07 14:00:00,0.35
2022-07-07 15:00:00,0.15750055000000002
2022-07-07 16:00:00,0.01750095
2022-07-07 17:00:00,1e-06
2022-07-07 18:00:00,0.0
2022-07-07 19:00:00,0.0
2022-07-07 20:00:00,0.0
2022-07-07 21:00:00,0.0
2022-07-07 22:00:00,0.0
2022-07-07 23:00:00,0.0
2022-07-08 00:00:00,0.0
2022-07-08 01:00:00,0.0
2022-07-08 02:00:00,0.0
2022-07-08 03:00:00,0.0
2022-07-08 04:00:00,0.0
2022-07-08 05:00:00,0.0
2022-07-08 06:00:00,0.0
2022-07-08 07:00:00,0.0
2022-07-08 08:00:00,0.0
2022-07-08 09:00:00,0.0
2022-07-08 10:00:00,0.0
2022-07-08 11:00:00,0.0
2022-07-08 12:00:00,0.0
2022-07-08 13:00:00,0.0
2022-07-08 14:00:00,0.0
2022-07-08 15:00:00,0.0
2022-07-08 16:00:00,0.0
2022-07-08 17:00:00,0.0
2022-07-08 18:00:00,0.0
2022-07-08 19:00:00,0.0
2022-07-08 20:00:00,0.0
2022-07-08 21:00:00,0.0
2022-07-08 22:00:00,0.0
2022-07-08 23:00:00,0.0
2022-07-09 00:00:00,0.0
2022-07-09 01:00:00,0.0
2022-07-09 02:00:00,0.0
2022-07-09 03:00:00,0.0
2022-07-09 04:00:00,0.0
2022-07-09 05:00:00,0.0
2022-07-09 06:00:00,0.0
2022-07-09 07:00:00,0.0
2022-07-09 08:00:00,0.0
2022-07-09 09:00:00,0.0
2022-07-09 10:00:00,0.0
2022-07-09 11:00:00,0.0
2022-07-09 12:00:00,0.0
2022-07-09 13:00:00,0.0
2022-07-09 14:00:00,0.0
2022-07-09 15:00:00,0.0
2022-07-09 16:00:00,0.0
2022-07-09 17:00:00,0.0
2022-07-09 18:00:00,0.0
2022-07-09 19:00:00,0.0
2022-07-09 20:00:00,0.0
2022-07-09 21:00:00,0.0
2022-07-09 22:00:00,0.0
2022-07-09 23:00:00,0.0
2022-07-10 00:00:00,0.0
2022-07-10 01:00:00,0.0
2022-07-10 02:00:00,0.0
2022-07-10 03:00:00,0.0
2022-07-10 04:00:00,0.0
2022-07-10 05:00:00,0.0
2022-07-10 06:00:00,0.0
2022-07-10 07:00:00,0.0
2022-07-10 08:00:00,0.0
2022-07-10 09:00:00,0.0
2022-07-10 10:00:00,0.0
2022-07-10 11:00:00,0.0
2022-07-10 12:00:00,0.0
2022-07-10 13:00:00,0.0
2022-07-10 14:00:00,0.0
2022-07-10 15:00:00,0.0
2022-07-10 16:00:00,0.0
2022-07-10 17:00:00,0.0
2022-07-10 18:00:00,0.0
2022-07-10 19:00:00,0.0
2022-07-10 20:00:00,0.0
2022-07-10 21:00:00,0.0
2022-07-10 22:00:00,0.0
2022-07-10 23:00:00,0.0
2022-07-11 00:00:00,0.0
2022-07-11 01:00:00,0.0
2022-07-11 02:00:00,0.0
2022-07-11 03:00:00,0.0
2022-07-11 04:00:00,0.0
2022-07-11 05:00:00,0.0
2022-07-11 06:00:00,0.0
2022-07-11 07:00:00,0.0
2022-07-11 08:00:00,0.0
2022-07-11 09:00:00,0.0
2022-07-11 10:00:00,0.0
2022-07-11 11:00:00,0.0
2022-07-11 12:00:00,7.166666666666668e-07
2022-07-11 13:00:00,1e-06
2022-07-11 14:00:00,0.6666675833333333
2022-07-11 15:00:00,7.066666783333333
2022-07-11 16:00:00,5.20000035
2022-07-11 17:00:00,3.8666668
2022-07-11 18:00:00,0.0
2022-07-11 19:00:00,0.0
2022-07-11 20:00:00,0.0
2022-07-11 21:00:00,0.0
2022-07-11 22:00:00,0.0
2022-07-11 23:00:00,0.0
2022-07-12 00:00:00,0.0
2022-07-12 01:00:00,0.0
2022-07-12 02:00:00,0.0
2022-07-12 03:00:00,0.0
2022-07-12 04:00:00,0.0
2022-07-12 05:00:00,0.0
2022-07-12 06:00:00,0.0
2022-07-12 07:00:00,0.0
2022-07-12 08:00:00,0.0
2022-07-12 09:00:00,0.0
2022-07-12 10:00:00,0.0
2022-07-12 11:00:00,0.0
2022-07-12 12:00:00,0.0
2022-07-12 13:00:00,0.0
2022-07-12 14:00:00,0.0
2022-07-12 15:00:00,0.0
2022-07-12 16:00:00,0.0
2022-07-12 17:00:00,0.0
2022-07-12 18:00:00,0.0
2022-07-12 19:00:00,0.0
2022-07-12 20:00:00,0.0
2022-07-12 21:00:00,0.0
2022-07-12 22:00:00,0.0
2022-07-12 23:00:00,0.0
2022-07-13 00:00:00,0.0
2022-07-13 01:00:00,0.0
2022-07-13 02:00:00,0.0
2022-07-13 03:00:00,0.0
2022-07-13 04:00:00,0.0
2022-07-13 05:00:00,0.0
2022-07-13 06:00:00,0.0
2022-07-13 07:00:00,0.0
2022-07-13 08:00:00,0.0
2022-07-13 09:00:00,0.0
2022-07-13 10:00:00,0.0
2022-07-13 11:00:00,0.0
2022-07-13 12:00:00,0.0
2022-07-13 13:00:00,0.0
2022-07-13 14:00:00,0.0
2022-07-13 15:00:00,0.0
2022-07-13 16:00:00,0.0
2022-07-13 17:00:00,0.0
2022-07-13 18:00:00,0.0
2022-07-13 19:00:00,0.0
2022-07-13 20:00:00,0.0
2022-07-13 21:00:00,0.0
2022-07-13 22:00:00,0.0
2022-07-13 23:00:00,0.0
2022-07-14 00:00:00,0.0
2022-07-14 01:00:00,0.0
2022-07-14 02:00:00,0.0
2022-07-14 03:00:00,0.0
2022-07-14 04:00:00,0.0
2022-07-14 05:00:00,0.0
2022-07-14 06:00:00,0.0
2022-07-14 07:00:00,0.0
2022-07-14 08:00:00,0.0
2022-07-14 09:00:00,0.0
2022-07-14 10:00:00,0.0
2022-07-14 11:00:00,0.0
2022-07-14 12:00:00,0.0
2022-07-14 13:00:00,0.0
2022-07-14 14:00:00,0.0
2022-07-14 15:00:00,0.0
2022-07-14 16:00:00,0.0
2022-07-14 17:00:00,0.0
2022-07-14 18:00:00,0.0
2022-07-14 19:00:00,0.0
2022-07-14 20:00:00,0.0
2022-07-14 21:00:00,0.0
2022-07-14 22:00:00,0.0
2022-07-14 23:00:00,0.0
2022-07-15 00:00:00,0.0
2022-07-15 01:00:00,0.0
2022-07-15 02:00:00,0.0
2022-07-15 03:00:00,0.0
2022-07-15 04:00:00,0.0
2022-07-15 05:00:00,0.0
2022-07-15 06:00:00,0.0
2022-07-15 07:00:00,0.0
2022-07-15 08:00:00,0.0
2022-07-15 09:00:00,0.0
2022-07-15 10:00:00,0.0
2022-07-15 11:00:00,4.833333333333333e-07
2022-07-15 12:00:00,1e-06
2022-07-15 13:00:00,0.15600013333333335
2022-07-15 14:00:00,0.16800006666666667
2022-07-15 15:00:00,0.015000916666666668
2022-07-15 16:00:00,1e-06
2022-07-15 17:00:00,1e-06
2022-07-15 18:00:00,4.5e-07
2022-07-15 19:00:00,0.0
2022-07-15 20:00:00,0.0
2022-07-15 21:00:00,0.0
2022-07-15 22:00:00,0.0
2022-07-15 23:00:00,0.0
