,Stromverbrauch
2050-09-01 00:00:00,4.203576283333333
2050-09-01 01:00:00,4.033839133333333
2050-09-01 02:00:00,4.213422616666667
2050-09-01 03:00:00,4.434820950000001
2050-09-01 04:00:00,4.839304916666666
2050-09-01 05:00:00,5.520681716666667
2050-09-01 06:00:00,6.685464361441436
2050-09-01 07:00:00,17.379705374518085
2050-09-01 08:00:00,13.656993487145016
2050-09-01 09:00:00,10.069530399136804
2050-09-01 10:00:00,9.63691932289142
2050-09-01 11:00:00,18.916030904378356
2050-09-01 12:00:00,18.188112931137216
2050-09-01 13:00:00,6.588439783333334
2050-09-01 14:00:00,6.53690275
2050-09-01 15:00:00,6.678343283987215
2050-09-01 16:00:00,6.93525330669292
2050-09-01 17:00:00,9.64808806761162
2050-09-01 18:00:00,10.196695312132826
2050-09-01 19:00:00,24.930777851597732
2050-09-01 20:00:00,14.75256156321568
2050-09-01 21:00:00,7.010280316113627
2050-09-01 22:00:00,5.3820484833333335
2050-09-01 23:00:00,4.370297666666667
2050-09-02 00:00:00,4.27732675
2050-09-02 01:00:00,3.9347894833333337
2050-09-02 02:00:00,4.536355666666667
2050-09-02 03:00:00,4.699205200000001
2050-09-02 04:00:00,4.976272316666667
2050-09-02 05:00:00,5.453202254479007
2050-09-02 06:00:00,7.991551209593131
2050-09-02 07:00:00,20.793152819266858
2050-09-02 08:00:00,16.545892002102008
2050-09-02 09:00:00,9.833693639109105
2050-09-02 10:00:00,7.605527624689266
2050-09-02 11:00:00,19.966294535821614
2050-09-02 12:00:00,13.926042467411381
2050-09-02 13:00:00,6.562906233333333
2050-09-02 14:00:00,6.603971933333335
2050-09-02 15:00:00,8.21029369040714
2050-09-02 16:00:00,8.195017195941785
2050-09-02 17:00:00,8.549641868976945
2050-09-02 18:00:00,10.206434386991408
2050-09-02 19:00:00,23.608117875340287
2050-09-02 20:00:00,12.496291204170495
2050-09-02 21:00:00,6.1376826333935135
2050-09-02 22:00:00,5.040053
2050-09-02 23:00:00,4.585080799999999
2050-09-03 00:00:00,7.93892441666667
2050-09-03 01:00:00,8.041481966666668
2050-09-03 02:00:00,8.1998577
2050-09-03 03:00:00,8.575624783333334
2050-09-03 04:00:00,9.082443733333335
2050-09-03 05:00:00,10.112812716666669
2050-09-03 06:00:00,11.660617524868337
2050-09-03 07:00:00,22.942958322787202
2050-09-03 08:00:00,18.443849151124425
2050-09-03 09:00:00,18.442055693608648
2050-09-03 10:00:00,25.232358657240617
2050-09-03 11:00:00,39.207600146842665
2050-09-03 12:00:00,39.15994679993785
2050-09-03 13:00:00,18.925440598445675
2050-09-03 14:00:00,13.184444116666672
2050-09-03 15:00:00,13.299767086212425
2050-09-03 16:00:00,16.821220648384582
2050-09-03 17:00:00,18.341519772525125
2050-09-03 18:00:00,27.849733686728616
2050-09-03 19:00:00,44.98448751120437
2050-09-03 20:00:00,22.68357522650779
2050-09-03 21:00:00,14.584263273683677
2050-09-03 22:00:00,11.079394973943234
2050-09-03 23:00:00,8.709630183333335
2050-09-04 00:00:00,7.745300566666669
2050-09-04 01:00:00,7.807197216666667
2050-09-04 02:00:00,8.430729283333333
2050-09-04 03:00:00,8.727677933333334
2050-09-04 04:00:00,9.1595746
2050-09-04 05:00:00,10.524428250000001
2050-09-04 06:00:00,12.934827859167424
2050-09-04 07:00:00,33.255261981684676
2050-09-04 08:00:00,19.614541509360176
2050-09-04 09:00:00,18.68706622846829
2050-09-04 10:00:00,22.12674127703707
2050-09-04 11:00:00,32.822740611502276
2050-09-04 12:00:00,39.351973329707945
2050-09-04 13:00:00,22.573313937126365
2050-09-04 14:00:00,15.224188479090541
2050-09-04 15:00:00,13.690428050962455
2050-09-04 16:00:00,14.69659639170412
2050-09-04 17:00:00,20.60670495169877
2050-09-04 18:00:00,27.517738367835996
2050-09-04 19:00:00,45.75451522398539
2050-09-04 20:00:00,24.0810971694762
2050-09-04 21:00:00,13.81173134891386
2050-09-04 22:00:00,9.922484005012608
2050-09-04 23:00:00,8.555900133333335
2050-09-05 00:00:00,3.881725733333333
2050-09-05 01:00:00,4.121392450000001
2050-09-05 02:00:00,4.233756983333334
2050-09-05 03:00:00,4.585356383333333
2050-09-05 04:00:00,4.756939249999999
2050-09-05 05:00:00,5.099063699999999
2050-09-05 06:00:00,6.24707341095781
2050-09-05 07:00:00,23.063214784828887
2050-09-05 08:00:00,17.72239257326706
2050-09-05 09:00:00,11.258728987502334
2050-09-05 10:00:00,10.603042104152703
2050-09-05 11:00:00,22.70088849378887
2050-09-05 12:00:00,14.045527140478574
2050-09-05 13:00:00,6.359239933333334
2050-09-05 14:00:00,6.303886116666667
2050-09-05 15:00:00,6.758318125128209
2050-09-05 16:00:00,8.388105392496977
2050-09-05 17:00:00,7.888838027007827
2050-09-05 18:00:00,10.153457588160459
2050-09-05 19:00:00,24.91374158791637
2050-09-05 20:00:00,15.361957944172802
2050-09-05 21:00:00,8.595093074385758
2050-09-05 22:00:00,4.7268008166666675
2050-09-05 23:00:00,4.1210794
2050-09-06 00:00:00,3.793595266666666
2050-09-06 01:00:00,4.160656299999999
2050-09-06 02:00:00,4.459004333333333
2050-09-06 03:00:00,4.371156283333333
2050-09-06 04:00:00,4.648640083333334
2050-09-06 05:00:00,5.1759955
2050-09-06 06:00:00,7.684711588240947
2050-09-06 07:00:00,19.1079286341007
2050-09-06 08:00:00,13.767251825803735
2050-09-06 09:00:00,7.969895858095264
2050-09-06 10:00:00,9.597643381438314
2050-09-06 11:00:00,21.156967498798508
2050-09-06 12:00:00,12.591834645949053
2050-09-06 13:00:00,6.637221642726888
2050-09-06 14:00:00,6.2543202
2050-09-06 15:00:00,6.8237395
2050-09-06 16:00:00,6.8902002911494815
2050-09-06 17:00:00,7.391747078026654
2050-09-06 18:00:00,9.31451827062851
2050-09-06 19:00:00,20.01101506806623
2050-09-06 20:00:00,16.515504587574153
2050-09-06 21:00:00,8.08236100076639
2050-09-06 22:00:00,5.474447833333334
2050-09-06 23:00:00,4.327964316666666
2050-09-07 00:00:00,4.2080264
2050-09-07 01:00:00,4.2744073
2050-09-07 02:00:00,4.334371283333333
2050-09-07 03:00:00,4.456338416666666
2050-09-07 04:00:00,4.5602386500000005
2050-09-07 05:00:00,5.415846316666667
2050-09-07 06:00:00,6.326423809732758
2050-09-07 07:00:00,18.136349189457185
2050-09-07 08:00:00,15.887575761054679
2050-09-07 09:00:00,8.616834827096541
2050-09-07 10:00:00,8.4640437892021
2050-09-07 11:00:00,22.50340901169483
2050-09-07 12:00:00,15.701571272575096
2050-09-07 13:00:00,6.388007200000001
2050-09-07 14:00:00,6.3474034
2050-09-07 15:00:00,7.018860334857037
2050-09-07 16:00:00,8.78331218242984
2050-09-07 17:00:00,10.070203758290003
2050-09-07 18:00:00,12.489229971824608
2050-09-07 19:00:00,20.75815365470158
2050-09-07 20:00:00,10.850663747869715
2050-09-07 21:00:00,6.310755741563572
2050-09-07 22:00:00,4.985436449999999
2050-09-07 23:00:00,4.26006255
2050-09-08 00:00:00,3.6394094833333335
2050-09-08 01:00:00,3.8722241333333334
2050-09-08 02:00:00,4.0829036
2050-09-08 03:00:00,4.281454566666667
2050-09-08 04:00:00,4.631686149999999
2050-09-08 05:00:00,5.178164600000001
2050-09-08 06:00:00,7.608605998247115
2050-09-08 07:00:00,23.662503972528036
2050-09-08 08:00:00,13.031157028911181
2050-09-08 09:00:00,9.155703713009087
2050-09-08 10:00:00,9.816956198146654
2050-09-08 11:00:00,24.29018758121224
2050-09-08 12:00:00,15.258551202005316
2050-09-08 13:00:00,6.850125310108681
2050-09-08 14:00:00,6.5218037833333335
2050-09-08 15:00:00,6.762541833333334
2050-09-08 16:00:00,6.864473488277469
2050-09-08 17:00:00,7.2527266685730005
2050-09-08 18:00:00,7.359076387782191
2050-09-08 19:00:00,24.14856920866808
2050-09-08 20:00:00,12.055174804849061
2050-09-08 21:00:00,6.699962799062767
2050-09-08 22:00:00,4.977262333333333
2050-09-08 23:00:00,4.1732127666666665
2050-09-09 00:00:00,3.9760758666666662
2050-09-09 01:00:00,3.928325416666666
2050-09-09 02:00:00,4.061021183333334
2050-09-09 03:00:00,4.2407218
2050-09-09 04:00:00,4.696405216666667
2050-09-09 05:00:00,5.5128284
2050-09-09 06:00:00,6.438263028891137
2050-09-09 07:00:00,24.47382964341728
2050-09-09 08:00:00,15.103025946057697
2050-09-09 09:00:00,8.739839547788655
2050-09-09 10:00:00,10.874848462096196
2050-09-09 11:00:00,23.199791805232714
2050-09-09 12:00:00,14.991819666628288
2050-09-09 13:00:00,6.568089483333334
2050-09-09 14:00:00,6.513369783333333
2050-09-09 15:00:00,6.398609852858647
2050-09-09 16:00:00,6.913267999578931
2050-09-09 17:00:00,7.791188611610638
2050-09-09 18:00:00,8.384157194370761
2050-09-09 19:00:00,23.304176206127256
2050-09-09 20:00:00,13.87196403473604
2050-09-09 21:00:00,6.081669145182114
2050-09-09 22:00:00,5.2537011
2050-09-09 23:00:00,4.075577383333332
2050-09-10 00:00:00,7.940653900000002
2050-09-10 01:00:00,7.8431829
2050-09-10 02:00:00,8.290626283333335
2050-09-10 03:00:00,8.675007366666666
2050-09-10 04:00:00,9.609308783333336
2050-09-10 05:00:00,10.62716351666667
2050-09-10 06:00:00,12.55794663318566
2050-09-10 07:00:00,31.260028235411212
2050-09-10 08:00:00,20.4161719701648
2050-09-10 09:00:00,18.965966514180252
2050-09-10 10:00:00,23.416122777461048
2050-09-10 11:00:00,33.68822567877115
2050-09-10 12:00:00,41.638200785174135
2050-09-10 13:00:00,22.427803020781926
2050-09-10 14:00:00,13.429023033333337
2050-09-10 15:00:00,13.514375500000002
2050-09-10 16:00:00,16.00317809065648
2050-09-10 17:00:00,18.90979066964181
2050-09-10 18:00:00,19.242316691155043
2050-09-10 19:00:00,50.52858257270346
2050-09-10 20:00:00,24.91770911213129
2050-09-10 21:00:00,17.270357294266475
2050-09-10 22:00:00,10.993367575267811
2050-09-10 23:00:00,8.877841750000004
2050-09-11 00:00:00,7.76003581666667
2050-09-11 01:00:00,7.947281050000001
2050-09-11 02:00:00,8.318847033333334
2050-09-11 03:00:00,8.673475516666668
2050-09-11 04:00:00,9.473090633333335
2050-09-11 05:00:00,10.843846683333338
2050-09-11 06:00:00,13.186432024873685
2050-09-11 07:00:00,31.386109526224935
2050-09-11 08:00:00,19.274220752925153
2050-09-11 09:00:00,19.49031792261302
2050-09-11 10:00:00,24.050127171553996
2050-09-11 11:00:00,45.62953687979313
2050-09-11 12:00:00,50.672728269626425
2050-09-11 13:00:00,21.61429973328026
2050-09-11 14:00:00,13.892814288048799
2050-09-11 15:00:00,14.565827189250735
2050-09-11 16:00:00,17.27998704197908
2050-09-11 17:00:00,18.42815885113015
2050-09-11 18:00:00,22.662852687589947
2050-09-11 19:00:00,42.99141522604642
2050-09-11 20:00:00,24.2104683273429
2050-09-11 21:00:00,15.764548777300272
2050-09-11 22:00:00,10.524465500000003
2050-09-11 23:00:00,8.43502161666667
2050-09-12 00:00:00,3.7690442999999996
2050-09-12 01:00:00,4.24065835
2050-09-12 02:00:00,4.12112265
2050-09-12 03:00:00,4.326890483333333
2050-09-12 04:00:00,4.612221266666666
2050-09-12 05:00:00,5.4794951
2050-09-12 06:00:00,7.304194200880136
2050-09-12 07:00:00,21.322870399559733
2050-09-12 08:00:00,13.276630908406023
2050-09-12 09:00:00,9.793904727004719
2050-09-12 10:00:00,7.208984260911089
2050-09-12 11:00:00,17.678556349965557
2050-09-12 12:00:00,14.877605944641914
2050-09-12 13:00:00,6.485863931975343
2050-09-12 14:00:00,6.610071083333334
2050-09-12 15:00:00,6.4464887800674004
2050-09-12 16:00:00,6.937505003600526
2050-09-12 17:00:00,8.390899221933871
2050-09-12 18:00:00,9.27019172617404
2050-09-12 19:00:00,22.758109063932274
2050-09-12 20:00:00,17.80343584760309
2050-09-12 21:00:00,6.1770688783732
2050-09-12 22:00:00,5.003132116666666
2050-09-12 23:00:00,4.13496765
2050-09-13 00:00:00,4.038811566666666
2050-09-13 01:00:00,4.237041883333333
2050-09-13 02:00:00,4.289890166666667
2050-09-13 03:00:00,4.42555635
2050-09-13 04:00:00,4.817123199999999
2050-09-13 05:00:00,5.3272471
2050-09-13 06:00:00,7.056578671288433
2050-09-13 07:00:00,22.368823553583027
2050-09-13 08:00:00,16.984450464830296
2050-09-13 09:00:00,9.443005072456163
2050-09-13 10:00:00,7.584832007611005
2050-09-13 11:00:00,23.617943351177715
2050-09-13 12:00:00,17.256632986401616
2050-09-13 13:00:00,6.5950211
2050-09-13 14:00:00,6.460618449999999
2050-09-13 15:00:00,6.320688822107605
2050-09-13 16:00:00,6.7673211501182715
2050-09-13 17:00:00,8.064957213355038
2050-09-13 18:00:00,10.5945504553657
2050-09-13 19:00:00,26.645793016138548
2050-09-13 20:00:00,12.25946105506624
2050-09-13 21:00:00,6.658634025724333
2050-09-13 22:00:00,5.307064313869877
2050-09-13 23:00:00,4.5300315
2050-09-14 00:00:00,4.056127050000001
2050-09-14 01:00:00,4.351391316666667
2050-09-14 02:00:00,4.16315505
2050-09-14 03:00:00,4.116472066666668
2050-09-14 04:00:00,4.581155483333334
2050-09-14 05:00:00,5.1270634500000005
2050-09-14 06:00:00,6.093633908716107
2050-09-14 07:00:00,20.288617160314686
2050-09-14 08:00:00,12.332904072995152
2050-09-14 09:00:00,7.5912357986619305
2050-09-14 10:00:00,9.67048336518889
2050-09-14 11:00:00,23.65260559605987
2050-09-14 12:00:00,14.403808608677693
2050-09-14 13:00:00,6.494304466666668
2050-09-14 14:00:00,6.382318483333333
2050-09-14 15:00:00,6.596244733333334
2050-09-14 16:00:00,7.794342696542017
2050-09-14 17:00:00,8.329005360485572
2050-09-14 18:00:00,9.993669779251727
2050-09-14 19:00:00,21.797143903410586
2050-09-14 20:00:00,15.381615704693312
2050-09-14 21:00:00,8.02961192160616
2050-09-14 22:00:00,4.996416833333334
2050-09-14 23:00:00,4.3563146999999995
2050-09-15 00:00:00,4.128711066666667
2050-09-15 01:00:00,3.9709747833333333
2050-09-15 02:00:00,4.15225535
2050-09-15 03:00:00,4.24874055
2050-09-15 04:00:00,4.6622385500000005
2050-09-15 05:00:00,5.119129199999999
2050-09-15 06:00:00,6.784608606293493
2050-09-15 07:00:00,14.804569184578321
2050-09-15 08:00:00,12.904419016146415
2050-09-15 09:00:00,9.416004133004327
2050-09-15 10:00:00,11.847834036668624
2050-09-15 11:00:00,27.549955205529397
2050-09-15 12:00:00,15.520366412742042
2050-09-15 13:00:00,7.187845065939072
2050-09-15 14:00:00,6.622553616666668
2050-09-15 15:00:00,6.666440883333333
2050-09-15 16:00:00,7.075676814763848
2050-09-15 17:00:00,7.819005636980511
2050-09-15 18:00:00,7.005306422677976
2050-09-15 19:00:00,23.755755426803855
2050-09-15 20:00:00,16.39467958348928
2050-09-15 21:00:00,6.334061714372803
2050-09-15 22:00:00,5.70190125
2050-09-15 23:00:00,4.517269633333334
2050-09-16 00:00:00,4.297281066666666
2050-09-16 01:00:00,3.96892435
2050-09-16 02:00:00,4.295539433333333
2050-09-16 03:00:00,4.514388866666667
2050-09-16 04:00:00,4.741221516666667
2050-09-16 05:00:00,5.1007475666666675
2050-09-16 06:00:00,6.658655859870939
2050-09-16 07:00:00,26.088665295743702
2050-09-16 08:00:00,11.904613669785666
2050-09-16 09:00:00,7.867243364336404
2050-09-16 10:00:00,9.229415559678236
2050-09-16 11:00:00,23.39048967353699
2050-09-16 12:00:00,18.91416017206314
2050-09-16 13:00:00,6.541439666666667
2050-09-16 14:00:00,6.1746708833333335
2050-09-16 15:00:00,6.307656516666667
2050-09-16 16:00:00,7.1165011883558265
2050-09-16 17:00:00,9.868541845958248
2050-09-16 18:00:00,9.885989678463075
2050-09-16 19:00:00,23.771708236416
2050-09-16 20:00:00,12.456166417049193
2050-09-16 21:00:00,6.725538177999067
2050-09-16 22:00:00,5.208966650000001
2050-09-16 23:00:00,4.19579875
2050-09-17 00:00:00,7.843969050000002
2050-09-17 01:00:00,7.851764483333334
2050-09-17 02:00:00,8.902708850000002
2050-09-17 03:00:00,9.335327266666667
2050-09-17 04:00:00,9.87629275
2050-09-17 05:00:00,10.993412350000002
2050-09-17 06:00:00,12.473494083264022
2050-09-17 07:00:00,24.608145537525356
2050-09-17 08:00:00,21.58557861177038
2050-09-17 09:00:00,23.032139346927945
2050-09-17 10:00:00,21.90128463971638
2050-09-17 11:00:00,35.79072641932359
2050-09-17 12:00:00,36.25425388568292
2050-09-17 13:00:00,20.806658554737673
2050-09-17 14:00:00,14.033604012457117
2050-09-17 15:00:00,12.994639283333333
2050-09-17 16:00:00,13.894569411230657
2050-09-17 17:00:00,20.855846288637853
2050-09-17 18:00:00,23.056410681541028
2050-09-17 19:00:00,50.478423695764185
2050-09-17 20:00:00,26.86457395569359
2050-09-17 21:00:00,14.968938258110963
2050-09-17 22:00:00,11.163010569084085
2050-09-17 23:00:00,8.713020650000004
2050-09-18 00:00:00,7.991867216666669
2050-09-18 01:00:00,8.300130766666667
2050-09-18 02:00:00,8.433643566666667
2050-09-18 03:00:00,8.810375383333334
2050-09-18 04:00:00,9.287741516666667
2050-09-18 05:00:00,10.305461016666667
2050-09-18 06:00:00,12.323446528537172
2050-09-18 07:00:00,30.2817327881662
2050-09-18 08:00:00,19.08994413267858
2050-09-18 09:00:00,20.375660009265445
2050-09-18 10:00:00,22.017428601684376
2050-09-18 11:00:00,44.56539234296457
2050-09-18 12:00:00,48.53281429646999
2050-09-18 13:00:00,20.81253356850838
2050-09-18 14:00:00,13.996640886446
2050-09-18 15:00:00,12.991253300000004
2050-09-18 16:00:00,15.739378216796066
2050-09-18 17:00:00,15.918768068309722
2050-09-18 18:00:00,22.519462409067728
2050-09-18 19:00:00,42.95582386570873
2050-09-18 20:00:00,23.88568101171089
2050-09-18 21:00:00,13.673587663721694
2050-09-18 22:00:00,10.917924856757276
2050-09-18 23:00:00,8.874611316666671
2050-09-19 00:00:00,3.8523638666666664
2050-09-19 01:00:00,3.89550765
2050-09-19 02:00:00,4.076040216666667
2050-09-19 03:00:00,4.419973083333333
2050-09-19 04:00:00,4.53385415
2050-09-19 05:00:00,5.257997066666666
2050-09-19 06:00:00,6.709080133229755
2050-09-19 07:00:00,24.227298467054784
2050-09-19 08:00:00,11.918023165462097
2050-09-19 09:00:00,10.211944343688758
2050-09-19 10:00:00,8.778977658441772
2050-09-19 11:00:00,19.560000665269033
2050-09-19 12:00:00,16.378555148501256
2050-09-19 13:00:00,6.516591216666668
2050-09-19 14:00:00,6.956683030618902
2050-09-19 15:00:00,7.0516315609687155
2050-09-19 16:00:00,6.864610393969222
2050-09-19 17:00:00,8.671287871652337
2050-09-19 18:00:00,9.763615903082597
2050-09-19 19:00:00,23.34121420006059
2050-09-19 20:00:00,13.729853269000367
2050-09-19 21:00:00,6.692455356743822
2050-09-19 22:00:00,5.598669327978251
2050-09-19 23:00:00,4.431530616666667
2050-09-20 00:00:00,4.113827933333333
2050-09-20 01:00:00,4.256340483333333
2050-09-20 02:00:00,4.02070585
2050-09-20 03:00:00,4.3387386999999995
2050-09-20 04:00:00,4.673171600000001
2050-09-20 05:00:00,5.392469941541678
2050-09-20 06:00:00,7.4118991391132605
2050-09-20 07:00:00,21.81942087743249
2050-09-20 08:00:00,14.597293786677202
2050-09-20 09:00:00,8.980910436061293
2050-09-20 10:00:00,8.883205816166004
2050-09-20 11:00:00,17.951649583587933
2050-09-20 12:00:00,14.21001247828952
2050-09-20 13:00:00,6.728354433333335
2050-09-20 14:00:00,6.274686933333333
2050-09-20 15:00:00,6.631127433333333
2050-09-20 16:00:00,6.934863549779383
2050-09-20 17:00:00,9.426750462160944
2050-09-20 18:00:00,10.94337867607905
2050-09-20 19:00:00,20.643359012841117
2050-09-20 20:00:00,12.31009120761869
2050-09-20 21:00:00,5.7314546
2050-09-20 22:00:00,4.985131666666668
2050-09-20 23:00:00,4.3970176
2050-09-21 00:00:00,4.230526833333333
2050-09-21 01:00:00,4.062225033333333
2050-09-21 02:00:00,4.359488333333334
2050-09-21 03:00:00,4.4318548
2050-09-21 04:00:00,4.754605083333333
2050-09-21 05:00:00,5.5878135
2050-09-21 06:00:00,8.573566826158654
2050-09-21 07:00:00,26.638947833478337
2050-09-21 08:00:00,15.636513129156667
2050-09-21 09:00:00,8.871499137032895
2050-09-21 10:00:00,8.438142461427914
2050-09-21 11:00:00,16.26059757770893
2050-09-21 12:00:00,13.80250194651665
2050-09-21 13:00:00,6.685572266666667
2050-09-21 14:00:00,6.619885183333333
2050-09-21 15:00:00,6.652811066666667
2050-09-21 16:00:00,6.659574983333335
2050-09-21 17:00:00,8.810764078832387
2050-09-21 18:00:00,10.025532108396352
2050-09-21 19:00:00,20.190867870036605
2050-09-21 20:00:00,12.703683528532869
2050-09-21 21:00:00,8.037093407148964
2050-09-21 22:00:00,5.099767616666666
2050-09-21 23:00:00,4.13461345
2050-09-22 00:00:00,4.491760666666667
2050-09-22 01:00:00,4.3427412499999996
2050-09-22 02:00:00,4.2968884166666665
2050-09-22 03:00:00,4.2358047333333335
2050-09-22 04:00:00,4.6355378499999995
2050-09-22 05:00:00,5.583427533333333
2050-09-22 06:00:00,7.341263771492609
2050-09-22 07:00:00,17.29837565977744
2050-09-22 08:00:00,11.419727363538279
2050-09-22 09:00:00,7.962298915179435
2050-09-22 10:00:00,9.303093368329728
2050-09-22 11:00:00,23.158468132246263
2050-09-22 12:00:00,14.966025093212565
2050-09-22 13:00:00,6.559855650000001
2050-09-22 14:00:00,6.512836983333333
2050-09-22 15:00:00,6.656393733333334
2050-09-22 16:00:00,7.496361216666669
2050-09-22 17:00:00,9.991691804572161
2050-09-22 18:00:00,13.30214332848506
2050-09-22 19:00:00,19.748752951112735
2050-09-22 20:00:00,17.69288505844941
2050-09-22 21:00:00,8.226104585365391
2050-09-22 22:00:00,5.432078466666668
2050-09-22 23:00:00,4.747647583333333
2050-09-23 00:00:00,4.0665253
2050-09-23 01:00:00,4.214508683333333
2050-09-23 02:00:00,4.348754550000001
2050-09-23 03:00:00,4.5355046166666675
2050-09-23 04:00:00,4.51890765
2050-09-23 05:00:00,5.3611002
2050-09-23 06:00:00,6.637435952574345
2050-09-23 07:00:00,20.942032335574154
2050-09-23 08:00:00,17.051206174039855
2050-09-23 09:00:00,10.191260172378463
2050-09-23 10:00:00,8.86577323424633
2050-09-23 11:00:00,20.715550744471127
2050-09-23 12:00:00,16.34270551502842
2050-09-23 13:00:00,6.341489033333334
2050-09-23 14:00:00,6.636420583333335
2050-09-23 15:00:00,7.776492268911608
2050-09-23 16:00:00,8.382027721952586
2050-09-23 17:00:00,9.797906506898602
2050-09-23 18:00:00,7.658999659828847
2050-09-23 19:00:00,22.326024588803726
2050-09-23 20:00:00,11.619260001633952
2050-09-23 21:00:00,7.333336307552257
2050-09-23 22:00:00,5.430748550000001
2050-09-23 23:00:00,4.2187133999999995
2050-09-24 00:00:00,8.237468900000001
2050-09-24 01:00:00,8.536764633333334
2050-09-24 02:00:00,8.326493733333333
2050-09-24 03:00:00,8.535327433333332
2050-09-24 04:00:00,9.029776283333334
2050-09-24 05:00:00,10.201727383333337
2050-09-24 06:00:00,13.173128735373998
2050-09-24 07:00:00,27.898422899499412
2050-09-24 08:00:00,18.602498052879824
2050-09-24 09:00:00,20.192782837937187
2050-09-24 10:00:00,17.763417461579095
2050-09-24 11:00:00,43.42503911766517
2050-09-24 12:00:00,39.24976246237468
2050-09-24 13:00:00,25.58259121174082
2050-09-24 14:00:00,15.261416272090019
2050-09-24 15:00:00,14.506502805676943
2050-09-24 16:00:00,16.196110181728226
2050-09-24 17:00:00,20.19260285171064
2050-09-24 18:00:00,25.9225829444211
2050-09-24 19:00:00,45.76492202211766
2050-09-24 20:00:00,28.565863772333323
2050-09-24 21:00:00,15.952240383223264
2050-09-24 22:00:00,10.5647015418162
2050-09-24 23:00:00,8.917776683333337
2050-09-25 00:00:00,8.173120033333337
2050-09-25 01:00:00,8.411828066666667
2050-09-25 02:00:00,8.824742800000003
2050-09-25 03:00:00,9.161057750000001
2050-09-25 04:00:00,9.512875916666669
2050-09-25 05:00:00,10.567361566666667
2050-09-25 06:00:00,11.777757087102824
2050-09-25 07:00:00,32.313379866846496
2050-09-25 08:00:00,25.42224096264808
2050-09-25 09:00:00,21.90774219895172
2050-09-25 10:00:00,21.93800641300592
2050-09-25 11:00:00,35.27491897327548
2050-09-25 12:00:00,37.964904424921635
2050-09-25 13:00:00,23.657078166450106
2050-09-25 14:00:00,13.874488796463368
2050-09-25 15:00:00,13.869240975828
2050-09-25 16:00:00,14.142028160498466
2050-09-25 17:00:00,17.33739856286531
2050-09-25 18:00:00,26.05542449645292
2050-09-25 19:00:00,50.6927866155744
2050-09-25 20:00:00,25.386392683452858
2050-09-25 21:00:00,15.77551304935706
2050-09-25 22:00:00,10.760838166666673
2050-09-25 23:00:00,9.07401861666667
2050-09-26 00:00:00,4.430810199999999
2050-09-26 01:00:00,4.1125906
2050-09-26 02:00:00,4.344255816666666
2050-09-26 03:00:00,4.545739683333333
2050-09-26 04:00:00,4.686673866666667
2050-09-26 05:00:00,5.465996283333333
2050-09-26 06:00:00,6.855379036804666
2050-09-26 07:00:00,27.339322423610835
2050-09-26 08:00:00,16.492625235904995
2050-09-26 09:00:00,13.798066730346239
2050-09-26 10:00:00,8.389384258265995
2050-09-26 11:00:00,26.647347501386555
2050-09-26 12:00:00,17.286944812874953
2050-09-26 13:00:00,7.028933234697959
2050-09-26 14:00:00,6.495620183333333
2050-09-26 15:00:00,6.869680802510795
2050-09-26 16:00:00,7.346509223515112
2050-09-26 17:00:00,7.641810963084388
2050-09-26 18:00:00,9.874016045637243
2050-09-26 19:00:00,25.921487385056427
2050-09-26 20:00:00,8.921078771934853
2050-09-26 21:00:00,6.463338543429955
2050-09-26 22:00:00,5.221816733333332
2050-09-26 23:00:00,4.625799783333333
2050-09-27 00:00:00,4.463159766666666
2050-09-27 01:00:00,4.139088350000001
2050-09-27 02:00:00,4.360220966666667
2050-09-27 03:00:00,4.597871866666667
2050-09-27 04:00:00,4.6654067
2050-09-27 05:00:00,5.263146683333334
2050-09-27 06:00:00,8.061400315476847
2050-09-27 07:00:00,25.28997946500195
2050-09-27 08:00:00,14.079842044493477
2050-09-27 09:00:00,9.206380150563495
2050-09-27 10:00:00,10.5427840741755
2050-09-27 11:00:00,18.341359378880757
2050-09-27 12:00:00,16.40172161001983
2050-09-27 13:00:00,6.5992884
2050-09-27 14:00:00,6.299638616666667
2050-09-27 15:00:00,6.370947533333335
2050-09-27 16:00:00,7.276045228237459
2050-09-27 17:00:00,9.153818712050299
2050-09-27 18:00:00,8.874472392170373
2050-09-27 19:00:00,24.049366661464017
2050-09-27 20:00:00,15.772710396528622
2050-09-27 21:00:00,6.678142142563404
2050-09-27 22:00:00,5.160567816666667
2050-09-27 23:00:00,4.45879475
2050-09-28 00:00:00,4.245443666666667
2050-09-28 01:00:00,4.153406050000001
2050-09-28 02:00:00,4.345522466666666
2050-09-28 03:00:00,4.325805816666667
2050-09-28 04:00:00,4.740488016666667
2050-09-28 05:00:00,5.2838659
2050-09-28 06:00:00,5.873928635488283
2050-09-28 07:00:00,32.32212269506584
2050-09-28 08:00:00,15.736211133868364
2050-09-28 09:00:00,9.714731724385699
2050-09-28 10:00:00,8.741439441556716
2050-09-28 11:00:00,18.531761058517326
2050-09-28 12:00:00,12.0293887505499
2050-09-28 13:00:00,6.731943011221286
2050-09-28 14:00:00,6.35456815
2050-09-28 15:00:00,6.848745047652648
2050-09-28 16:00:00,6.807003233586885
2050-09-28 17:00:00,6.959554806160682
2050-09-28 18:00:00,9.542951222663284
2050-09-28 19:00:00,29.52275451511468
2050-09-28 20:00:00,16.374274782372428
2050-09-28 21:00:00,7.661530387934458
2050-09-28 22:00:00,5.488831966666666
2050-09-28 23:00:00,4.518180083333333
2050-09-29 00:00:00,4.4116930000000005
2050-09-29 01:00:00,4.22867435
2050-09-29 02:00:00,4.2985389000000005
2050-09-29 03:00:00,4.46775555
2050-09-29 04:00:00,4.8255537
2050-09-29 05:00:00,5.67947915
2050-09-29 06:00:00,8.36689582194756
2050-09-29 07:00:00,22.075625690107348
2050-09-29 08:00:00,14.904902084857813
2050-09-29 09:00:00,8.64449801495786
2050-09-29 10:00:00,9.384969278418927
2050-09-29 11:00:00,25.238108066226403
2050-09-29 12:00:00,17.94345930544528
2050-09-29 13:00:00,6.685470683333334
2050-09-29 14:00:00,6.711302283333334
2050-09-29 15:00:00,6.680942983333334
2050-09-29 16:00:00,7.034621848388288
2050-09-29 17:00:00,7.928253049320082
2050-09-29 18:00:00,9.298547651824853
2050-09-29 19:00:00,29.2314781302728
2050-09-29 20:00:00,14.319267230400236
2050-09-29 21:00:00,7.832174026939899
2050-09-29 22:00:00,5.544261566666667
2050-09-29 23:00:00,4.5952251833333335
2050-09-30 00:00:00,3.9375925333333335
2050-09-30 01:00:00,4.0663391833333336
2050-09-30 02:00:00,4.045188033333333
2050-09-30 03:00:00,4.100803683333334
2050-09-30 04:00:00,4.34310525
2050-09-30 05:00:00,5.16436705
2050-09-30 06:00:00,7.568494132198493
2050-09-30 07:00:00,25.183207785340805
2050-09-30 08:00:00,16.855765603268647
2050-09-30 09:00:00,8.788908407663625
2050-09-30 10:00:00,8.68189069303646
2050-09-30 11:00:00,18.56203520189187
2050-09-30 12:00:00,15.077660222608289
2050-09-30 13:00:00,6.372605433333334
2050-09-30 14:00:00,6.4343728
2050-09-30 15:00:00,7.214463690743103
2050-09-30 16:00:00,8.193604320643312
2050-09-30 17:00:00,9.458599998082262
2050-09-30 18:00:00,8.701706180235933
2050-09-30 19:00:00,23.39996812702337
2050-09-30 20:00:00,11.662225199668663
2050-09-30 21:00:00,6.7148701888584
2050-09-30 22:00:00,5.382231383333333
2050-09-30 23:00:00,4.442245
2050-10-01 00:00:00,8.358118183333335
2050-10-01 01:00:00,8.347297783333335
2050-10-01 02:00:00,8.78395695
2050-10-01 03:00:00,8.834691883333335
2050-10-01 04:00:00,9.705474750000002
2050-10-01 05:00:00,10.805255700000004
2050-10-01 06:00:00,12.79755275616852
2050-10-01 07:00:00,25.38762039239473
2050-10-01 08:00:00,19.398625510865454
2050-10-01 09:00:00,20.2824386351499
2050-10-01 10:00:00,25.61415743775326
2050-10-01 11:00:00,34.58426249625018
2050-10-01 12:00:00,34.371908055399636
2050-10-01 13:00:00,19.26572686016512
2050-10-01 14:00:00,14.925685062442497
2050-10-01 15:00:00,13.231862283333339
2050-10-01 16:00:00,14.545500749399407
2050-10-01 17:00:00,16.49320006161908
2050-10-01 18:00:00,21.219036287599202
2050-10-01 19:00:00,40.499980662756705
2050-10-01 20:00:00,26.935168073484125
2050-10-01 21:00:00,16.160364519345226
2050-10-01 22:00:00,10.931483175410618
2050-10-01 23:00:00,9.14227781666667
2050-10-02 00:00:00,8.181553000000003
2050-10-02 01:00:00,7.942678866666667
2050-10-02 02:00:00,8.536074550000002
2050-10-02 03:00:00,8.840458916666666
2050-10-02 04:00:00,9.04304186666667
2050-10-02 05:00:00,10.540671883333337
2050-10-02 06:00:00,12.441302503903529
2050-10-02 07:00:00,25.94215632258009
2050-10-02 08:00:00,23.45017166707972
2050-10-02 09:00:00,21.109366911386033
2050-10-02 10:00:00,23.426069228255084
2050-10-02 11:00:00,54.516594377862404
2050-10-02 12:00:00,42.283002270825016
2050-10-02 13:00:00,20.904831607016487
2050-10-02 14:00:00,14.181416400083206
2050-10-02 15:00:00,13.360675383333335
2050-10-02 16:00:00,14.512804814066303
2050-10-02 17:00:00,19.025428332936677
2050-10-02 18:00:00,25.84815239962056
2050-10-02 19:00:00,55.159300971826816
2050-10-02 20:00:00,29.485169430174512
2050-10-02 21:00:00,13.99304760815398
2050-10-02 22:00:00,10.878398600000006
2050-10-02 23:00:00,8.734650333333336
2050-10-03 00:00:00,8.092521333333337
2050-10-03 01:00:00,8.580597333333335
2050-10-03 02:00:00,8.812459183333335
2050-10-03 03:00:00,8.928726466666667
2050-10-03 04:00:00,9.267790766666668
2050-10-03 05:00:00,11.08910891666667
2050-10-03 06:00:00,14.467674525856134
2050-10-03 07:00:00,24.540592330090234
2050-10-03 08:00:00,16.774839068240908
2050-10-03 09:00:00,17.26967184148974
2050-10-03 10:00:00,25.059986566855812
2050-10-03 11:00:00,42.58486260462468
2050-10-03 12:00:00,40.04779015501916
2050-10-03 13:00:00,21.81926422557284
2050-10-03 14:00:00,13.976289078855215
2050-10-03 15:00:00,14.583244838091
2050-10-03 16:00:00,16.55501006551948
2050-10-03 17:00:00,19.61308800052001
2050-10-03 18:00:00,21.265010266638523
2050-10-03 19:00:00,46.67030244110693
2050-10-03 20:00:00,24.337983493530444
2050-10-03 21:00:00,14.492304537018189
2050-10-03 22:00:00,10.209761889860406
2050-10-03 23:00:00,9.152197383333338
2050-10-04 00:00:00,4.456326316666667
2050-10-04 01:00:00,3.94675855
2050-10-04 02:00:00,4.1195237166666665
2050-10-04 03:00:00,4.415322633333333
2050-10-04 04:00:00,4.343388300000001
2050-10-04 05:00:00,4.744712083333334
2050-10-04 06:00:00,7.413279042029378
2050-10-04 07:00:00,22.572668566036146
2050-10-04 08:00:00,15.504425002276827
2050-10-04 09:00:00,9.816980433854665
2050-10-04 10:00:00,10.279829093760126
2050-10-04 11:00:00,18.630143235968873
2050-10-04 12:00:00,13.08618168015648
2050-10-04 13:00:00,6.577355166666668
2050-10-04 14:00:00,6.524302766666667
2050-10-04 15:00:00,6.742113178614547
2050-10-04 16:00:00,7.1954043788157644
2050-10-04 17:00:00,7.177467284643032
2050-10-04 18:00:00,8.525246649431633
2050-10-04 19:00:00,24.075246034860704
2050-10-04 20:00:00,12.82923540555551
2050-10-04 21:00:00,5.955719635498842
2050-10-04 22:00:00,5.18821815
2050-10-04 23:00:00,4.62629885
2050-10-05 00:00:00,4.296361566666666
2050-10-05 01:00:00,4.255693683333333
2050-10-05 02:00:00,4.386758449999999
2050-10-05 03:00:00,4.7680887499999995
2050-10-05 04:00:00,4.951039183333334
2050-10-05 05:00:00,5.389399533333333
2050-10-05 06:00:00,6.971289007929435
2050-10-05 07:00:00,19.71490371524282
2050-10-05 08:00:00,12.43184280220869
2050-10-05 09:00:00,10.224416179041599
2050-10-05 10:00:00,12.216075856699694
2050-10-05 11:00:00,19.154489631036228
2050-10-05 12:00:00,10.84028761085539
2050-10-05 13:00:00,6.678472566666667
2050-10-05 14:00:00,6.554654266666667
2050-10-05 15:00:00,6.802909983333334
2050-10-05 16:00:00,6.711941766666667
2050-10-05 17:00:00,7.6855394129904155
2050-10-05 18:00:00,8.458225569347336
2050-10-05 19:00:00,27.32907978591623
2050-10-05 20:00:00,15.287266404681986
2050-10-05 21:00:00,8.622554159808876
2050-10-05 22:00:00,5.29988145
2050-10-05 23:00:00,4.570700066666666
2050-10-06 00:00:00,3.746110083333333
2050-10-06 01:00:00,4.067942566666667
2050-10-06 02:00:00,3.9843066166666663
2050-10-06 03:00:00,4.31098995
2050-10-06 04:00:00,4.4767238
2050-10-06 05:00:00,5.279433466666667
2050-10-06 06:00:00,5.392700033333334
2050-10-06 07:00:00,21.981753343549492
2050-10-06 08:00:00,12.721268724678236
2050-10-06 09:00:00,7.751879207678018
2050-10-06 10:00:00,8.07662072306604
2050-10-06 11:00:00,22.39270579037427
2050-10-06 12:00:00,13.987944603821331
2050-10-06 13:00:00,6.7532210500000005
2050-10-06 14:00:00,6.765036166666667
2050-10-06 15:00:00,6.653829716666668
2050-10-06 16:00:00,8.21706620796023
2050-10-06 17:00:00,7.32856017039194
2050-10-06 18:00:00,9.41826469887645
2050-10-06 19:00:00,18.279307500688695
2050-10-06 20:00:00,13.499068400005777
2050-10-06 21:00:00,8.186642675002245
2050-10-06 22:00:00,5.474068033333333
2050-10-06 23:00:00,4.352849816666668
2050-10-07 00:00:00,3.802341633333333
2050-10-07 01:00:00,3.8431901333333327
2050-10-07 02:00:00,3.986956683333333
2050-10-07 03:00:00,4.401989599999999
2050-10-07 04:00:00,4.628822666666665
2050-10-07 05:00:00,5.009481033333333
2050-10-07 06:00:00,5.938176798567448
2050-10-07 07:00:00,19.09982079501803
2050-10-07 08:00:00,14.389484156273214
2050-10-07 09:00:00,9.734693212198447
2050-10-07 10:00:00,10.613788165353553
2050-10-07 11:00:00,19.586826927773522
2050-10-07 12:00:00,16.919345626437348
2050-10-07 13:00:00,6.874570116365297
2050-10-07 14:00:00,6.49658595
2050-10-07 15:00:00,7.3941405127598285
2050-10-07 16:00:00,10.510556924544618
2050-10-07 17:00:00,7.644988892698642
2050-10-07 18:00:00,9.187625190263766
2050-10-07 19:00:00,26.016651683944033
2050-10-07 20:00:00,14.485964176139326
2050-10-07 21:00:00,6.946070007543034
2050-10-07 22:00:00,5.0475194666666665
2050-10-07 23:00:00,3.8747116999999998
2050-10-08 00:00:00,8.285818033333337
2050-10-08 01:00:00,8.6348994
2050-10-08 02:00:00,8.750477166666668
2050-10-08 03:00:00,9.053773750000001
2050-10-08 04:00:00,9.75603985
2050-10-08 05:00:00,10.873863933333336
2050-10-08 06:00:00,12.707500128991283
2050-10-08 07:00:00,28.164244668028466
2050-10-08 08:00:00,21.273675909357948
2050-10-08 09:00:00,16.73029940761847
2050-10-08 10:00:00,21.540606404686017
2050-10-08 11:00:00,38.97591884858826
2050-10-08 12:00:00,36.84888335659117
2050-10-08 13:00:00,17.698218231660277
2050-10-08 14:00:00,13.576959027617663
2050-10-08 15:00:00,13.413866907595928
2050-10-08 16:00:00,15.295789741758913
2050-10-08 17:00:00,22.2662617975786
2050-10-08 18:00:00,26.792901345171334
2050-10-08 19:00:00,40.47799127737515
2050-10-08 20:00:00,20.01014380773603
2050-10-08 21:00:00,14.622511911118398
2050-10-08 22:00:00,10.689726464210993
2050-10-08 23:00:00,8.631795583333336
2050-10-09 00:00:00,7.452655816666669
2050-10-09 01:00:00,8.017445916666667
2050-10-09 02:00:00,8.336993533333334
2050-10-09 03:00:00,8.5803942
2050-10-09 04:00:00,9.394342033333336
2050-10-09 05:00:00,11.217158716666669
2050-10-09 06:00:00,12.443184839775109
2050-10-09 07:00:00,32.17701548762505
2050-10-09 08:00:00,22.21417592267011
2050-10-09 09:00:00,18.53719461745044
2050-10-09 10:00:00,23.44865186537127
2050-10-09 11:00:00,40.73387343099507
2050-10-09 12:00:00,41.16130758603446
2050-10-09 13:00:00,24.097339306713522
2050-10-09 14:00:00,13.688204084681908
2050-10-09 15:00:00,12.998275050000002
2050-10-09 16:00:00,15.039868055842987
2050-10-09 17:00:00,19.747455602131076
2050-10-09 18:00:00,27.014434092650887
2050-10-09 19:00:00,52.391288204051214
2050-10-09 20:00:00,25.346489450646686
2050-10-09 21:00:00,14.692940207012061
2050-10-09 22:00:00,10.814085442310901
2050-10-09 23:00:00,9.000268383333339
2050-10-10 00:00:00,4.3445421
2050-10-10 01:00:00,4.215074483333334
2050-10-10 02:00:00,4.269605716666667
2050-10-10 03:00:00,4.413321600000001
2050-10-10 04:00:00,4.651171866666667
2050-10-10 05:00:00,5.368066766666667
2050-10-10 06:00:00,6.8104566543061695
2050-10-10 07:00:00,22.11252865261257
2050-10-10 08:00:00,13.988325693886042
2050-10-10 09:00:00,10.989815662285173
2050-10-10 10:00:00,10.686822451095177
2050-10-10 11:00:00,23.523408325622338
2050-10-10 12:00:00,14.595480720788771
2050-10-10 13:00:00,6.6385212833333345
2050-10-10 14:00:00,6.527837566666667
2050-10-10 15:00:00,8.384881996541873
2050-10-10 16:00:00,8.22678817339264
2050-10-10 17:00:00,7.934698343665579
2050-10-10 18:00:00,11.979102636596444
2050-10-10 19:00:00,28.068918786787656
2050-10-10 20:00:00,14.449134154166003
2050-10-10 21:00:00,7.012776341044335
2050-10-10 22:00:00,5.15073355
2050-10-10 23:00:00,4.4030114000000005
2050-10-11 00:00:00,4.268144816666666
2050-10-11 01:00:00,3.940157416666667
2050-10-11 02:00:00,4.169971416666666
2050-10-11 03:00:00,4.349655216666667
2050-10-11 04:00:00,4.715639349999999
2050-10-11 05:00:00,4.984029166666667
2050-10-11 06:00:00,7.035564749369254
2050-10-11 07:00:00,22.32580166398784
2050-10-11 08:00:00,13.473837974285189
2050-10-11 09:00:00,10.449777206844773
2050-10-11 10:00:00,7.153505258825016
2050-10-11 11:00:00,17.873309477776605
2050-10-11 12:00:00,14.747477797880354
2050-10-11 13:00:00,6.658220916666667
2050-10-11 14:00:00,6.554334883333333
2050-10-11 15:00:00,8.187895827123416
2050-10-11 16:00:00,7.122915463858057
2050-10-11 17:00:00,6.884299249364881
2050-10-11 18:00:00,8.119450795929385
2050-10-11 19:00:00,27.284213858806872
2050-10-11 20:00:00,12.471003952292941
2050-10-11 21:00:00,6.712863819317778
2050-10-11 22:00:00,5.2617342
2050-10-11 23:00:00,4.2862980833333335
2050-10-12 00:00:00,4.583375450000001
2050-10-12 01:00:00,4.1799748
2050-10-12 02:00:00,4.5173393666666675
2050-10-12 03:00:00,4.666887616666668
2050-10-12 04:00:00,4.744322016666667
2050-10-12 05:00:00,5.009711550000001
2050-10-12 06:00:00,6.120515294541715
2050-10-12 07:00:00,20.78160096936389
2050-10-12 08:00:00,12.265690091046269
2050-10-12 09:00:00,10.052619638462355
2050-10-12 10:00:00,9.666008808287302
2050-10-12 11:00:00,18.71826811104342
2050-10-12 12:00:00,16.188823298463316
2050-10-12 13:00:00,6.497565947470705
2050-10-12 14:00:00,6.347820183333334
2050-10-12 15:00:00,7.0081721105997445
2050-10-12 16:00:00,8.133091352193244
2050-10-12 17:00:00,9.380210284476986
2050-10-12 18:00:00,9.587786978289923
2050-10-12 19:00:00,19.462553260346468
2050-10-12 20:00:00,10.755502519908974
2050-10-12 21:00:00,6.536085093350776
2050-10-12 22:00:00,5.2642004
2050-10-12 23:00:00,4.617617616666666
2050-10-13 00:00:00,4.247762916666667
2050-10-13 01:00:00,4.01069035
2050-10-13 02:00:00,4.396622383333333
2050-10-13 03:00:00,4.511140233333334
2050-10-13 04:00:00,4.7711224166666675
2050-10-13 05:00:00,5.585517049923278
2050-10-13 06:00:00,6.464427174794456
2050-10-13 07:00:00,20.321921870078167
2050-10-13 08:00:00,14.609497332975044
2050-10-13 09:00:00,8.023089616721636
2050-10-13 10:00:00,9.385627862175667
2050-10-13 11:00:00,18.84324506331095
2050-10-13 12:00:00,15.201748644290047
2050-10-13 13:00:00,6.449656833333334
2050-10-13 14:00:00,6.467486833333333
2050-10-13 15:00:00,6.687256787009182
2050-10-13 16:00:00,7.7813541352718705
2050-10-13 17:00:00,8.18225284184302
2050-10-13 18:00:00,9.981441239761883
2050-10-13 19:00:00,33.838993187686725
2050-10-13 20:00:00,17.713495556198463
2050-10-13 21:00:00,7.734339038495198
2050-10-13 22:00:00,5.207629449999999
2050-10-13 23:00:00,4.365713983333333
2050-10-14 00:00:00,4.139444149999999
2050-10-14 01:00:00,3.9759905166666663
2050-10-14 02:00:00,4.042454583333333
2050-10-14 03:00:00,4.01140575
2050-10-14 04:00:00,4.342521733333332
2050-10-14 05:00:00,4.809516366666666
2050-10-14 06:00:00,6.259433811776452
2050-10-14 07:00:00,29.319458631585658
2050-10-14 08:00:00,14.407567995085632
2050-10-14 09:00:00,8.002131060603311
2050-10-14 10:00:00,9.77060213505407
2050-10-14 11:00:00,17.82902371378346
2050-10-14 12:00:00,12.498731595638622
2050-10-14 13:00:00,6.792668300230859
2050-10-14 14:00:00,6.6177368166666675
2050-10-14 15:00:00,7.7499176146187425
2050-10-14 16:00:00,7.868588707597271
2050-10-14 17:00:00,10.921728984140033
2050-10-14 18:00:00,10.986898485605746
2050-10-14 19:00:00,28.655548895181298
2050-10-14 20:00:00,11.584368074521711
2050-10-14 21:00:00,6.340240315222318
2050-10-14 22:00:00,5.044452233333333
2050-10-14 23:00:00,4.562016016666667
2050-10-15 00:00:00,8.708865683333336
2050-10-15 01:00:00,8.077096466666667
2050-10-15 02:00:00,8.541625150000002
2050-10-15 03:00:00,8.994140400000001
2050-10-15 04:00:00,9.640924550000001
2050-10-15 05:00:00,10.712856233333333
2050-10-15 06:00:00,11.920712421742826
2050-10-15 07:00:00,26.89727458600828
2050-10-15 08:00:00,20.133858930872798
2050-10-15 09:00:00,18.20833632776677
2050-10-15 10:00:00,20.461017931610545
2050-10-15 11:00:00,41.253703079116804
2050-10-15 12:00:00,41.79702795510382
2050-10-15 13:00:00,19.281271346510557
2050-10-15 14:00:00,13.881336503411218
2050-10-15 15:00:00,13.03863711666667
2050-10-15 16:00:00,15.891349545196773
2050-10-15 17:00:00,19.647786740964932
2050-10-15 18:00:00,19.989036372555596
2050-10-15 19:00:00,46.72815364917809
2050-10-15 20:00:00,29.59381239042648
2050-10-15 21:00:00,13.613316600102713
2050-10-15 22:00:00,10.658319400000007
2050-10-15 23:00:00,9.47661046666667
2050-10-16 00:00:00,7.381254800000002
2050-10-16 01:00:00,7.949830749999999
2050-10-16 02:00:00,8.25192575
2050-10-16 03:00:00,8.587992333333334
2050-10-16 04:00:00,9.26682425
2050-10-16 05:00:00,10.955426250000002
2050-10-16 06:00:00,13.587576402440522
2050-10-16 07:00:00,26.929124960568185
2050-10-16 08:00:00,17.622795383903604
2050-10-16 09:00:00,21.23737579303975
2050-10-16 10:00:00,28.914829692073344
2050-10-16 11:00:00,41.92065327511004
2050-10-16 12:00:00,43.20589461684103
2050-10-16 13:00:00,24.11172822673471
2050-10-16 14:00:00,13.70699391964073
2050-10-16 15:00:00,13.45553996666667
2050-10-16 16:00:00,16.08164157486416
2050-10-16 17:00:00,19.594898407707024
2050-10-16 18:00:00,20.855015220245694
2050-10-16 19:00:00,51.36273350554204
2050-10-16 20:00:00,23.406543934811623
2050-10-16 21:00:00,14.719559512052786
2050-10-16 22:00:00,9.940803166666672
2050-10-16 23:00:00,8.429029500000002
2050-10-17 00:00:00,3.8404430999999994
2050-10-17 01:00:00,3.8785576
2050-10-17 02:00:00,3.9007420333333336
2050-10-17 03:00:00,4.2032568333333336
2050-10-17 04:00:00,4.587387066666667
2050-10-17 05:00:00,5.246190053222909
2050-10-17 06:00:00,6.583574168979673
2050-10-17 07:00:00,22.702070710825616
2050-10-17 08:00:00,18.690574879896733
2050-10-17 09:00:00,10.89811258852226
2050-10-17 10:00:00,10.164977611164298
2050-10-17 11:00:00,21.53241100897441
2050-10-17 12:00:00,16.50020724377939
2050-10-17 13:00:00,6.679408333333334
2050-10-17 14:00:00,6.7404554
2050-10-17 15:00:00,7.390590300990103
2050-10-17 16:00:00,7.765378007271816
2050-10-17 17:00:00,8.279258363559588
2050-10-17 18:00:00,10.184619282325746
2050-10-17 19:00:00,24.082491120591694
2050-10-17 20:00:00,12.327896386442147
2050-10-17 21:00:00,7.184129588424375
2050-10-17 22:00:00,5.311720277471667
2050-10-17 23:00:00,4.013766283333332
2050-10-18 00:00:00,4.095411233333333
2050-10-18 01:00:00,4.123875750000001
2050-10-18 02:00:00,4.1409070166666675
2050-10-18 03:00:00,4.164972416666667
2050-10-18 04:00:00,4.615758083333334
2050-10-18 05:00:00,5.280883149999999
2050-10-18 06:00:00,6.9272779033408165
2050-10-18 07:00:00,17.85944934575622
2050-10-18 08:00:00,13.840127689895425
2050-10-18 09:00:00,8.340482314994729
2050-10-18 10:00:00,9.28536123552537
2050-10-18 11:00:00,26.76141637909541
2050-10-18 12:00:00,14.181808750392923
2050-10-18 13:00:00,6.534222333333334
2050-10-18 14:00:00,6.504253483333334
2050-10-18 15:00:00,6.923715237156753
2050-10-18 16:00:00,7.046372052501479
2050-10-18 17:00:00,9.240930160691818
2050-10-18 18:00:00,9.729204461195982
2050-10-18 19:00:00,20.81297445662316
2050-10-18 20:00:00,14.984140504503817
2050-10-18 21:00:00,8.110503062630716
2050-10-18 22:00:00,5.5968446582458204
2050-10-18 23:00:00,4.620264616666666
2050-10-19 00:00:00,4.238309516666666
2050-10-19 01:00:00,4.244674316666666
2050-10-19 02:00:00,4.404439033333333
2050-10-19 03:00:00,4.685587916666668
2050-10-19 04:00:00,5.061921183333334
2050-10-19 05:00:00,5.307934450000001
2050-10-19 06:00:00,5.988603140308173
2050-10-19 07:00:00,25.04456847964772
2050-10-19 08:00:00,12.18402203926325
2050-10-19 09:00:00,8.717424299170897
2050-10-19 10:00:00,9.33790159192208
2050-10-19 11:00:00,22.20290870832616
2050-10-19 12:00:00,21.936058508995607
2050-10-19 13:00:00,6.667689416666668
2050-10-19 14:00:00,6.526969516666667
2050-10-19 15:00:00,6.472008766666667
2050-10-19 16:00:00,7.182270628060396
2050-10-19 17:00:00,9.00445309425598
2050-10-19 18:00:00,9.886729345973787
2050-10-19 19:00:00,24.963801036671658
2050-10-19 20:00:00,14.834828300036978
2050-10-19 21:00:00,8.546465142970929
2050-10-19 22:00:00,5.66517476227361
2050-10-19 23:00:00,4.318718199999999
2050-10-20 00:00:00,3.8021120166666664
2050-10-20 01:00:00,4.14993985
2050-10-20 02:00:00,4.08337165
2050-10-20 03:00:00,4.0872734
2050-10-20 04:00:00,4.549773616666667
2050-10-20 05:00:00,5.3947822500000004
2050-10-20 06:00:00,6.926876987033861
2050-10-20 07:00:00,22.921671588126998
2050-10-20 08:00:00,11.718015220539277
2050-10-20 09:00:00,11.617253512003273
2050-10-20 10:00:00,8.712053209016094
2050-10-20 11:00:00,19.270679839532953
2050-10-20 12:00:00,19.967274641643183
2050-10-20 13:00:00,6.647714015272176
2050-10-20 14:00:00,6.603086733333334
2050-10-20 15:00:00,6.590710233333334
2050-10-20 16:00:00,6.8866722000000005
2050-10-20 17:00:00,8.359768009599374
2050-10-20 18:00:00,10.133472285070551
2050-10-20 19:00:00,26.16044909781161
2050-10-20 20:00:00,12.965091941999079
2050-10-20 21:00:00,6.871889840311315
2050-10-20 22:00:00,5.27065190840608
2050-10-20 23:00:00,3.9978479666666664
2050-10-21 00:00:00,4.2569463
2050-10-21 01:00:00,4.341194066666667
2050-10-21 02:00:00,4.255241166666666
2050-10-21 03:00:00,4.489172516666668
2050-10-21 04:00:00,4.590755483333334
2050-10-21 05:00:00,5.462113833333334
2050-10-21 06:00:00,7.445373231847412
2050-10-21 07:00:00,18.33988070786981
2050-10-21 08:00:00,12.297774111700752
2050-10-21 09:00:00,7.099960392027537
2050-10-21 10:00:00,8.89899895851261
2050-10-21 11:00:00,15.128036021567725
2050-10-21 12:00:00,15.088872030476866
2050-10-21 13:00:00,6.368521483333334
2050-10-21 14:00:00,6.3386198500000015
2050-10-21 15:00:00,6.415497961694084
2050-10-21 16:00:00,8.222823253831674
2050-10-21 17:00:00,9.432833943610856
2050-10-21 18:00:00,11.12903238538569
2050-10-21 19:00:00,20.626181175949466
2050-10-21 20:00:00,13.768954102058435
2050-10-21 21:00:00,7.214872228183832
2050-10-21 22:00:00,5.321347533333334
2050-10-21 23:00:00,4.42253495
2050-10-22 00:00:00,7.796587533333336
2050-10-22 01:00:00,7.945879916666668
2050-10-22 02:00:00,8.415291400000001
2050-10-22 03:00:00,8.904023283333336
2050-10-22 04:00:00,9.348941516666667
2050-10-22 05:00:00,10.535179333333335
2050-10-22 06:00:00,11.40300098293325
2050-10-22 07:00:00,27.697790453184638
2050-10-22 08:00:00,18.487097574068102
2050-10-22 09:00:00,17.496151022022467
2050-10-22 10:00:00,19.814303271970516
2050-10-22 11:00:00,47.86837624869633
2050-10-22 12:00:00,41.07304872312586
2050-10-22 13:00:00,18.177930618849253
2050-10-22 14:00:00,13.64480235265094
2050-10-22 15:00:00,13.288192466666668
2050-10-22 16:00:00,15.594963463255633
2050-10-22 17:00:00,20.044902915082083
2050-10-22 18:00:00,23.10586682800719
2050-10-22 19:00:00,49.935653979939765
2050-10-22 20:00:00,26.77521116619275
2050-10-22 21:00:00,14.77394085574869
2050-10-22 22:00:00,11.080239111580122
2050-10-22 23:00:00,9.006014066666673
2050-10-23 00:00:00,8.217852766666669
2050-10-23 01:00:00,8.180978683333334
2050-10-23 02:00:00,8.711159466666668
2050-10-23 03:00:00,8.958940700000001
2050-10-23 04:00:00,9.596374616666669
2050-10-23 05:00:00,10.460391816666668
2050-10-23 06:00:00,11.968987661465016
2050-10-23 07:00:00,27.11787952335175
2050-10-23 08:00:00,19.023373239325597
2050-10-23 09:00:00,20.180841305821975
2050-10-23 10:00:00,21.589609443166385
2050-10-23 11:00:00,35.69359921616611
2050-10-23 12:00:00,33.52815001587583
2050-10-23 13:00:00,17.891151076125304
2050-10-23 14:00:00,13.555207066666668
2050-10-23 15:00:00,13.23124236666667
2050-10-23 16:00:00,15.465894816089845
2050-10-23 17:00:00,20.077799355101863
2050-10-23 18:00:00,27.331884092407236
2050-10-23 19:00:00,48.83646882696198
2050-10-23 20:00:00,24.877926369156807
2050-10-23 21:00:00,15.175161896397436
2050-10-23 22:00:00,11.607956921744192
2050-10-23 23:00:00,8.90754441666667
2050-10-24 00:00:00,4.050940799999999
2050-10-24 01:00:00,3.8989073666666667
2050-10-24 02:00:00,4.362656833333333
2050-10-24 03:00:00,4.17487315
2050-10-24 04:00:00,4.659187816666668
2050-10-24 05:00:00,5.0396648666666675
2050-10-24 06:00:00,6.044155691499692
2050-10-24 07:00:00,20.394395027165004
2050-10-24 08:00:00,15.00711449768309
2050-10-24 09:00:00,9.876799856084114
2050-10-24 10:00:00,9.041690859584207
2050-10-24 11:00:00,19.8184022023281
2050-10-24 12:00:00,13.485503491844785
2050-10-24 13:00:00,6.436488866666668
2050-10-24 14:00:00,6.624535316666667
2050-10-24 15:00:00,6.4332240333333335
2050-10-24 16:00:00,6.88172446158207
2050-10-24 17:00:00,8.946908508014848
2050-10-24 18:00:00,8.67040690559819
2050-10-24 19:00:00,27.98172101843761
2050-10-24 20:00:00,17.471529682628034
2050-10-24 21:00:00,7.559773340176096
2050-10-24 22:00:00,5.502350400000001
2050-10-24 23:00:00,4.353952433333334
2050-10-25 00:00:00,4.144143983333334
2050-10-25 01:00:00,4.0933918333333335
2050-10-25 02:00:00,4.0705071
2050-10-25 03:00:00,4.706605383333334
2050-10-25 04:00:00,4.827056183333333
2050-10-25 05:00:00,5.357313383333333
2050-10-25 06:00:00,6.081186689657847
2050-10-25 07:00:00,19.667356514008606
2050-10-25 08:00:00,15.489739625765806
2050-10-25 09:00:00,9.828062462730589
2050-10-25 10:00:00,11.169587756111357
2050-10-25 11:00:00,23.521576573251103
2050-10-25 12:00:00,14.836860471613353
2050-10-25 13:00:00,6.42678955
2050-10-25 14:00:00,6.343003516666667
2050-10-25 15:00:00,7.283560432550564
2050-10-25 16:00:00,7.262731769935499
2050-10-25 17:00:00,6.656946133333334
2050-10-25 18:00:00,9.890376392879155
2050-10-25 19:00:00,32.33815557104335
2050-10-25 20:00:00,15.095316279081183
2050-10-25 21:00:00,6.337899614067579
2050-10-25 22:00:00,5.053197900000001
2050-10-25 23:00:00,4.4507446333333345
2050-10-26 00:00:00,4.445397399999999
2050-10-26 01:00:00,4.12467375
2050-10-26 02:00:00,4.442721433333333
2050-10-26 03:00:00,4.315421066666667
2050-10-26 04:00:00,4.273306016666666
2050-10-26 05:00:00,5.340262916666667
2050-10-26 06:00:00,6.032385898963112
2050-10-26 07:00:00,20.789643112902084
2050-10-26 08:00:00,13.788274294532096
2050-10-26 09:00:00,10.114343017443444
2050-10-26 10:00:00,9.135515565720553
2050-10-26 11:00:00,20.98089489824177
2050-10-26 12:00:00,15.973871035396714
2050-10-26 13:00:00,6.6588725
2050-10-26 14:00:00,6.565870266666667
2050-10-26 15:00:00,7.102010590748377
2050-10-26 16:00:00,7.755170229988822
2050-10-26 17:00:00,8.469344383835116
2050-10-26 18:00:00,10.633468357984421
2050-10-26 19:00:00,28.055684954219657
2050-10-26 20:00:00,13.654854666086603
2050-10-26 21:00:00,7.368821456680053
2050-10-26 22:00:00,5.706846183333335
2050-10-26 23:00:00,4.857231433333333
2050-10-27 00:00:00,3.9362128333333333
2050-10-27 01:00:00,4.029773783333334
2050-10-27 02:00:00,4.2173221000000005
2050-10-27 03:00:00,4.7044063666666665
2050-10-27 04:00:00,4.974857466666666
2050-10-27 05:00:00,5.3533804499999995
2050-10-27 06:00:00,7.642494484579059
2050-10-27 07:00:00,24.190827794994792
2050-10-27 08:00:00,17.149606243228234
2050-10-27 09:00:00,10.421181908370206
2050-10-27 10:00:00,11.935777381629618
2050-10-27 11:00:00,26.207556659753074
2050-10-27 12:00:00,16.66284926759112
2050-10-27 13:00:00,6.5406724
2050-10-27 14:00:00,6.436453333333334
2050-10-27 15:00:00,6.741239983333333
2050-10-27 16:00:00,6.537873616666668
2050-10-27 17:00:00,6.649601883333336
2050-10-27 18:00:00,10.008141278025839
2050-10-27 19:00:00,30.464254706805335
2050-10-27 20:00:00,14.244796387566613
2050-10-27 21:00:00,8.647486453756777
2050-10-27 22:00:00,5.71985882374171
2050-10-27 23:00:00,4.424714416666667
2050-10-28 00:00:00,4.153338483333334
2050-10-28 01:00:00,4.314554983333333
2050-10-28 02:00:00,4.135504916666667
2050-10-28 03:00:00,4.573988433333333
2050-10-28 04:00:00,4.6988051833333335
2050-10-28 05:00:00,5.35936485
2050-10-28 06:00:00,6.298227223259905
2050-10-28 07:00:00,22.87696540534438
2050-10-28 08:00:00,13.873115522224918
2050-10-28 09:00:00,10.252713866577645
2050-10-28 10:00:00,9.198173516677569
2050-10-28 11:00:00,18.03731040566223
2050-10-28 12:00:00,14.451592772771281
2050-10-28 13:00:00,6.666195729010157
2050-10-28 14:00:00,6.602554533333334
2050-10-28 15:00:00,6.665242966666668
2050-10-28 16:00:00,7.408002073449767
2050-10-28 17:00:00,8.01036498701692
2050-10-28 18:00:00,10.451228619459002
2050-10-28 19:00:00,21.871022481253906
2050-10-28 20:00:00,11.876759702191153
2050-10-28 21:00:00,6.126460334851169
2050-10-28 22:00:00,5.2550474666666664
2050-10-28 23:00:00,4.887663316666667
2050-10-29 00:00:00,8.289405450000002
2050-10-29 01:00:00,8.0674995
2050-10-29 02:00:00,8.466709716666669
2050-10-29 03:00:00,8.682159816666669
2050-10-29 04:00:00,9.171108833333333
2050-10-29 05:00:00,10.459006683333335
2050-10-29 06:00:00,12.78286034559577
2050-10-29 07:00:00,26.396508338722693
2050-10-29 08:00:00,20.98053733086798
2050-10-29 09:00:00,16.20039355165892
2050-10-29 10:00:00,20.734769195253186
2050-10-29 11:00:00,45.28495882049045
2050-10-29 12:00:00,39.706755762289745
2050-10-29 13:00:00,21.23999095371738
2050-10-29 14:00:00,14.146029860693815
2050-10-29 15:00:00,13.681755300000003
2050-10-29 16:00:00,15.649365107174289
2050-10-29 17:00:00,22.57759620598359
2050-10-29 18:00:00,22.673512981841245
2050-10-29 19:00:00,36.62064002713931
2050-10-29 20:00:00,22.237177409489863
2050-10-29 21:00:00,14.844328970587599
2050-10-29 22:00:00,10.852684530480259
2050-10-29 23:00:00,9.625282300000002
2050-10-30 00:00:00,8.187901100000003
2050-10-30 01:00:00,7.933814950000001
2050-10-30 02:00:00,8.676308383333332
2050-10-30 03:00:00,8.391340483333336
2050-10-30 04:00:00,9.19054085
2050-10-30 05:00:00,10.63477626666667
2050-10-30 06:00:00,13.080801733665659
2050-10-30 07:00:00,33.61837850784308
2050-10-30 08:00:00,23.534185319945408
2050-10-30 09:00:00,21.098250075114553
2050-10-30 10:00:00,21.716900972487906
2050-10-30 11:00:00,44.64488884601314
2050-10-30 12:00:00,32.031656964837396
2050-10-30 13:00:00,20.17068646670572
2050-10-30 14:00:00,13.86979543977697
2050-10-30 15:00:00,13.427607631333418
2050-10-30 16:00:00,13.968365478560072
2050-10-30 17:00:00,18.295991667260076
2050-10-30 18:00:00,29.543509489719323
2050-10-30 19:00:00,47.15351657672063
2050-10-30 20:00:00,27.288464506580663
2050-10-30 21:00:00,15.978300319215318
2050-10-30 22:00:00,10.499784500000002
2050-10-30 23:00:00,8.881458883333337
2050-10-31 00:00:00,4.0098268500000005
2050-10-31 01:00:00,3.98785635
2050-10-31 02:00:00,4.158804333333333
2050-10-31 03:00:00,4.4086719
2050-10-31 04:00:00,4.593872433333334
2050-10-31 05:00:00,5.284365216666667
2050-10-31 06:00:00,6.6415906422510655
2050-10-31 07:00:00,25.089261793204628
2050-10-31 08:00:00,12.99098607947298
2050-10-31 09:00:00,7.190282783659535
2050-10-31 10:00:00,10.463569341433674
2050-10-31 11:00:00,28.51828072278879
2050-10-31 12:00:00,12.880392519022056
2050-10-31 13:00:00,6.473506133333333
2050-10-31 14:00:00,6.41100305
2050-10-31 15:00:00,6.108727150000001
2050-10-31 16:00:00,6.560105450000001
2050-10-31 17:00:00,7.559771202556938
2050-10-31 18:00:00,9.035703424088943
2050-10-31 19:00:00,23.02612197895724
2050-10-31 20:00:00,13.279965199009464
2050-10-31 21:00:00,7.539476950308727
2050-10-31 22:00:00,4.613123366666667
2050-10-31 23:00:00,4.2881642499999995
