Date,Stromverbrauch
2050-01-01 00:00:00,6.023280883333326
2050-01-01 01:00:00,5.451684533333333
2050-01-01 02:00:00,5.565783649999999
2050-01-01 03:00:00,5.517300016666665
2050-01-01 04:00:00,6.351150099999999
2050-01-01 05:00:00,7.259600516666667
2050-01-01 06:00:00,7.4321005499999995
2050-01-01 07:00:00,8.319411783333333
2050-01-01 08:00:00,10.140393463832677
2050-01-01 09:00:00,25.534317473471955
2050-01-01 10:00:00,38.156487717770084
2050-01-01 11:00:00,37.548504232392894
2050-01-01 12:00:00,32.42428190346168
2050-01-01 13:00:00,29.767756074866025
2050-01-01 14:00:00,23.7896173371981
2050-01-01 15:00:00,41.42738636609052
2050-01-01 16:00:00,25.62704997898997
2050-01-01 17:00:00,17.719376488221677
2050-01-01 18:00:00,27.14916837520176
2050-01-01 19:00:00,44.70995896729446
2050-01-01 20:00:00,42.344649472175796
2050-01-01 21:00:00,19.456007613977242
2050-01-01 22:00:00,9.046979931280667
2050-01-01 23:00:00,7.6415393166666625
2050-01-02 00:00:00,6.512795383333327
2050-01-02 01:00:00,5.213768783333333
2050-01-02 02:00:00,5.461767266666666
2050-01-02 03:00:00,5.802000316666667
2050-01-02 04:00:00,6.359717083333333
2050-01-02 05:00:00,7.299033183333333
2050-01-02 06:00:00,7.714433566666665
2050-01-02 07:00:00,8.258012616666665
2050-01-02 08:00:00,9.77691863328161
2050-01-02 09:00:00,31.885837448475318
2050-01-02 10:00:00,51.38387541836439
2050-01-02 11:00:00,32.25319675782471
2050-01-02 12:00:00,34.48116174950272
2050-01-02 13:00:00,33.74209251241664
2050-01-02 14:00:00,27.335052854858212
2050-01-02 15:00:00,30.213869795108224
2050-01-02 16:00:00,24.298252986310207
2050-01-02 17:00:00,18.64612940670621
2050-01-02 18:00:00,24.669110154786132
2050-01-02 19:00:00,42.27436576157522
2050-01-02 20:00:00,41.08349612975748
2050-01-02 21:00:00,17.349421445855302
2050-01-02 22:00:00,9.06498844838067
2050-01-02 23:00:00,7.221350233333329
2050-01-03 00:00:00,5.358769916666666
2050-01-03 01:00:00,5.176917333333333
2050-01-03 02:00:00,5.438400883333332
2050-01-03 03:00:00,5.6467178166666665
2050-01-03 04:00:00,6.453650366666666
2050-01-03 05:00:00,7.157667233333333
2050-01-03 06:00:00,8.430294854336722
2050-01-03 07:00:00,33.631379261011965
2050-01-03 08:00:00,41.372682193855056
2050-01-03 09:00:00,18.770690925645162
2050-01-03 10:00:00,17.773625409555105
2050-01-03 11:00:00,21.395728964790713
2050-01-03 12:00:00,20.30695553290017
2050-01-03 13:00:00,17.746806187039414
2050-01-03 14:00:00,17.59351485969364
2050-01-03 15:00:00,23.908315760410627
2050-01-03 16:00:00,18.42216534709571
2050-01-03 17:00:00,18.310371917580373
2050-01-03 18:00:00,25.318874665861795
2050-01-03 19:00:00,58.955346062810136
2050-01-03 20:00:00,56.332923943623776
2050-01-03 21:00:00,21.21779275875742
2050-01-03 22:00:00,9.593950126008712
2050-01-03 23:00:00,7.775649916666663
2050-01-04 00:00:00,5.088470016666665
2050-01-04 01:00:00,5.492683916666666
2050-01-04 02:00:00,5.815450133333333
2050-01-04 03:00:00,6.058816966666666
2050-01-04 04:00:00,6.426350483333333
2050-01-04 05:00:00,7.134667266666666
2050-01-04 06:00:00,8.525279723728403
2050-01-04 07:00:00,33.526446359704146
2050-01-04 08:00:00,40.374594943582075
2050-01-04 09:00:00,21.700031044249233
2050-01-04 10:00:00,19.873605095661382
2050-01-04 11:00:00,17.166528530708998
2050-01-04 12:00:00,18.340457471509104
2050-01-04 13:00:00,19.61400088039691
2050-01-04 14:00:00,15.390797746576316
2050-01-04 15:00:00,18.03406969211294
2050-01-04 16:00:00,17.367555230028326
2050-01-04 17:00:00,18.2059956498835
2050-01-04 18:00:00,24.671683344385475
2050-01-04 19:00:00,57.033746112527865
2050-01-04 20:00:00,54.372605011496645
2050-01-04 21:00:00,17.635971639094535
2050-01-04 22:00:00,9.241094085370703
2050-01-04 23:00:00,7.431353949999995
2050-01-05 00:00:00,5.71002065
2050-01-05 01:00:00,5.734967766666666
2050-01-05 02:00:00,5.874583366666667
2050-01-05 03:00:00,6.027400383333332
2050-01-05 04:00:00,6.520116716666666
2050-01-05 05:00:00,7.510400199999999
2050-01-05 06:00:00,9.073188836442954
2050-01-05 07:00:00,40.40832083208707
2050-01-05 08:00:00,41.17065253590292
2050-01-05 09:00:00,16.534974811205537
2050-01-05 10:00:00,17.134680365924808
2050-01-05 11:00:00,15.171620221027752
2050-01-05 12:00:00,19.205225312370573
2050-01-05 13:00:00,25.327175628333244
2050-01-05 14:00:00,19.20819279788997
2050-01-05 15:00:00,17.960452727456293
2050-01-05 16:00:00,16.246262591719503
2050-01-05 17:00:00,19.317673684813716
2050-01-05 18:00:00,25.587439187621136
2050-01-05 19:00:00,55.13170278259641
2050-01-05 20:00:00,50.1389832585881
2050-01-05 21:00:00,16.458481366471275
2050-01-05 22:00:00,9.882483721598076
2050-01-05 23:00:00,8.361413416666664
2050-01-06 00:00:00,5.4314525499999995
2050-01-06 01:00:00,5.522651083333332
2050-01-06 02:00:00,5.623783716666667
2050-01-06 03:00:00,5.9376997
2050-01-06 04:00:00,6.095633366666666
2050-01-06 05:00:00,7.081983333333333
2050-01-06 06:00:00,9.688328186925032
2050-01-06 07:00:00,33.49685276909449
2050-01-06 08:00:00,55.64724440678117
2050-01-06 09:00:00,23.624370261450046
2050-01-06 10:00:00,17.178030315015228
2050-01-06 11:00:00,17.261670339454
2050-01-06 12:00:00,17.537650336961953
2050-01-06 13:00:00,14.803369000898154
2050-01-06 14:00:00,16.91189610575521
2050-01-06 15:00:00,22.67987085602241
2050-01-06 16:00:00,14.822099837537602
2050-01-06 17:00:00,14.87916564138964
2050-01-06 18:00:00,17.30467266209113
2050-01-06 19:00:00,48.416780790442026
2050-01-06 20:00:00,55.94374194931028
2050-01-06 21:00:00,18.30519939631705
2050-01-06 22:00:00,9.368476513532677
2050-01-06 23:00:00,7.830797249999995
2050-01-07 00:00:00,4.902436383333333
2050-01-07 01:00:00,5.3004513499999995
2050-01-07 02:00:00,5.340350383333333
2050-01-07 03:00:00,5.4765842
2050-01-07 04:00:00,6.16355075
2050-01-07 05:00:00,7.0502662833333325
2050-01-07 06:00:00,7.932471954549999
2050-01-07 07:00:00,35.75592354382727
2050-01-07 08:00:00,42.704163016826705
2050-01-07 09:00:00,24.838198326508127
2050-01-07 10:00:00,22.888780976176243
2050-01-07 11:00:00,17.66004895149496
2050-01-07 12:00:00,20.73441226738812
2050-01-07 13:00:00,16.604006394313313
2050-01-07 14:00:00,14.66169382318726
2050-01-07 15:00:00,16.57014320979426
2050-01-07 16:00:00,15.705132090343508
2050-01-07 17:00:00,17.341125892953738
2050-01-07 18:00:00,22.750590618080782
2050-01-07 19:00:00,49.014927466590066
2050-01-07 20:00:00,49.724321273544426
2050-01-07 21:00:00,18.967338346381165
2050-01-07 22:00:00,9.330291140050942
2050-01-07 23:00:00,7.564468566666663
2050-01-08 00:00:00,6.299929349999994
2050-01-08 01:00:00,5.549935699999999
2050-01-08 02:00:00,5.861601116666667
2050-01-08 03:00:00,6.157983616666666
2050-01-08 04:00:00,6.377850533333333
2050-01-08 05:00:00,7.417050299999999
2050-01-08 06:00:00,7.671549633333332
2050-01-08 07:00:00,8.553478499999999
2050-01-08 08:00:00,10.414863133473913
2050-01-08 09:00:00,28.873759157646795
2050-01-08 10:00:00,41.27861367594145
2050-01-08 11:00:00,28.54727109692969
2050-01-08 12:00:00,34.015830825452205
2050-01-08 13:00:00,30.695970604988478
2050-01-08 14:00:00,24.937507227412848
2050-01-08 15:00:00,39.881067720020205
2050-01-08 16:00:00,19.72334294424146
2050-01-08 17:00:00,16.774920184237377
2050-01-08 18:00:00,23.605853015883806
2050-01-08 19:00:00,43.58438842139319
2050-01-08 20:00:00,47.44346772292248
2050-01-08 21:00:00,22.003301062321597
2050-01-08 22:00:00,9.709438364772732
2050-01-08 23:00:00,7.4654047333333295
2050-01-09 00:00:00,6.415100483333327
2050-01-09 01:00:00,5.633202216666667
2050-01-09 02:00:00,5.670800783333333
2050-01-09 03:00:00,5.722434383333332
2050-01-09 04:00:00,6.247433566666666
2050-01-09 05:00:00,7.000550016666666
2050-01-09 06:00:00,7.723166666666666
2050-01-09 07:00:00,8.467812433333332
2050-01-09 08:00:00,10.280285309246382
2050-01-09 09:00:00,27.658252038346312
2050-01-09 10:00:00,46.37409887942851
2050-01-09 11:00:00,35.43846045330241
2050-01-09 12:00:00,34.31883415222568
2050-01-09 13:00:00,29.830690787175264
2050-01-09 14:00:00,31.99730859099761
2050-01-09 15:00:00,32.609420321805004
2050-01-09 16:00:00,29.594613045485886
2050-01-09 17:00:00,18.207803781753004
2050-01-09 18:00:00,27.2766786500412
2050-01-09 19:00:00,45.15188019199836
2050-01-09 20:00:00,38.32571128810942
2050-01-09 21:00:00,15.515870442190447
2050-01-09 22:00:00,9.791015629788268
2050-01-09 23:00:00,8.10490268333333
2050-01-10 00:00:00,5.436568666666665
2050-01-10 01:00:00,5.395984316666666
2050-01-10 02:00:00,5.722866483333332
2050-01-10 03:00:00,5.8853168
2050-01-10 04:00:00,6.3877338
2050-01-10 05:00:00,7.321116583333333
2050-01-10 06:00:00,8.331590013202149
2050-01-10 07:00:00,37.319660703729994
2050-01-10 08:00:00,43.50553623617471
2050-01-10 09:00:00,21.602483070997522
2050-01-10 10:00:00,13.472086771027564
2050-01-10 11:00:00,14.51090322766433
2050-01-10 12:00:00,20.320653989980386
2050-01-10 13:00:00,18.62293537718239
2050-01-10 14:00:00,14.993812818957625
2050-01-10 15:00:00,23.69671688530771
2050-01-10 16:00:00,18.43862292785682
2050-01-10 17:00:00,17.49316244027455
2050-01-10 18:00:00,24.68138580685708
2050-01-10 19:00:00,50.937728576289814
2050-01-10 20:00:00,41.20794541023727
2050-01-10 21:00:00,15.849724565658839
2050-01-10 22:00:00,9.25510591275658
2050-01-10 23:00:00,7.827970766666664
2050-01-11 00:00:00,5.616002466666667
2050-01-11 01:00:00,5.479167400000001
2050-01-11 02:00:00,5.834200199999999
2050-01-11 03:00:00,5.774267516666666
2050-01-11 04:00:00,6.6143830166666655
2050-01-11 05:00:00,7.3079171
2050-01-11 06:00:00,8.461591545552709
2050-01-11 07:00:00,31.70576024722628
2050-01-11 08:00:00,41.685093879621164
2050-01-11 09:00:00,19.839703441306693
2050-01-11 10:00:00,17.486518643588813
2050-01-11 11:00:00,15.860042587720855
2050-01-11 12:00:00,17.216576758086333
2050-01-11 13:00:00,15.69122678091537
2050-01-11 14:00:00,17.83940861011251
2050-01-11 15:00:00,22.853046844552377
2050-01-11 16:00:00,23.158840901067364
2050-01-11 17:00:00,22.241147709279243
2050-01-11 18:00:00,24.132306883705937
2050-01-11 19:00:00,51.016779855719804
2050-01-11 20:00:00,48.120208916207
2050-01-11 21:00:00,14.940713512129337
2050-01-11 22:00:00,10.050700265386528
2050-01-11 23:00:00,7.830568916666661
2050-01-12 00:00:00,5.37543645
2050-01-12 01:00:00,5.685384699999999
2050-01-12 02:00:00,5.808900566666666
2050-01-12 03:00:00,6.053366516666666
2050-01-12 04:00:00,6.159816933333333
2050-01-12 05:00:00,7.158734083333333
2050-01-12 06:00:00,8.673417888091084
2050-01-12 07:00:00,36.98858631301253
2050-01-12 08:00:00,52.5231425582584
2050-01-12 09:00:00,26.845699634722198
2050-01-12 10:00:00,22.846669966146568
2050-01-12 11:00:00,15.33255494788013
2050-01-12 12:00:00,21.32767213140773
2050-01-12 13:00:00,20.460693987392823
2050-01-12 14:00:00,16.355588556715443
2050-01-12 15:00:00,22.136556935567278
2050-01-12 16:00:00,20.95147540886818
2050-01-12 17:00:00,14.872998435534196
2050-01-12 18:00:00,24.723588644927297
2050-01-12 19:00:00,52.78790116609644
2050-01-12 20:00:00,42.5920353075528
2050-01-12 21:00:00,13.504807701568987
2050-01-12 22:00:00,8.439464715628944
2050-01-12 23:00:00,7.505000283333329
2050-01-13 00:00:00,5.170119183333332
2050-01-13 01:00:00,5.550650699999999
2050-01-13 02:00:00,5.779284249999999
2050-01-13 03:00:00,5.7271509499999995
2050-01-13 04:00:00,5.893300666666666
2050-01-13 05:00:00,7.048967316666666
2050-01-13 06:00:00,8.584425570076016
2050-01-13 07:00:00,29.481819834966267
2050-01-13 08:00:00,41.52087073212114
2050-01-13 09:00:00,20.989973822515463
2050-01-13 10:00:00,22.23503572675762
2050-01-13 11:00:00,15.802655642621557
2050-01-13 12:00:00,18.960714460651587
2050-01-13 13:00:00,21.866758626880845
2050-01-13 14:00:00,16.319853001667866
2050-01-13 15:00:00,25.77736390048982
2050-01-13 16:00:00,19.443125609392332
2050-01-13 17:00:00,14.831318644381552
2050-01-13 18:00:00,19.007230868930655
2050-01-13 19:00:00,54.48158739586835
2050-01-13 20:00:00,64.41170563547543
2050-01-13 21:00:00,21.590393817155988
2050-01-13 22:00:00,8.863305008713102
2050-01-13 23:00:00,7.790533366666664
2050-01-14 00:00:00,5.631869199999999
2050-01-14 01:00:00,5.5308345999999995
2050-01-14 02:00:00,5.8427332666666665
2050-01-14 03:00:00,5.915467116666666
2050-01-14 04:00:00,6.474833599999999
2050-01-14 05:00:00,7.15796705
2050-01-14 06:00:00,8.307328554131685
2050-01-14 07:00:00,43.330489853516866
2050-01-14 08:00:00,43.654833440958896
2050-01-14 09:00:00,15.325421845675383
2050-01-14 10:00:00,20.575379803859725
2050-01-14 11:00:00,15.047816776309364
2050-01-14 12:00:00,15.513921793421169
2050-01-14 13:00:00,16.8135374287053
2050-01-14 14:00:00,19.09762778259752
2050-01-14 15:00:00,20.46065086448957
2050-01-14 16:00:00,18.553570428205546
2050-01-14 17:00:00,17.630366261402912
2050-01-14 18:00:00,25.201002704270497
2050-01-14 19:00:00,53.27592461843803
2050-01-14 20:00:00,50.17559999895354
2050-01-14 21:00:00,20.777894465301397
2050-01-14 22:00:00,11.132060658827783
2050-01-14 23:00:00,7.554839766666661
2050-01-15 00:00:00,5.90825096666666
2050-01-15 01:00:00,5.593368966666666
2050-01-15 02:00:00,5.415017049999999
2050-01-15 03:00:00,5.6973338999999985
2050-01-15 04:00:00,6.125700249999999
2050-01-15 05:00:00,7.132999283333333
2050-01-15 06:00:00,7.376483233333333
2050-01-15 07:00:00,8.406642249999999
2050-01-15 08:00:00,10.521758769436186
2050-01-15 09:00:00,34.36567996716169
2050-01-15 10:00:00,39.36394338941367
2050-01-15 11:00:00,35.07890297530392
2050-01-15 12:00:00,33.70306992418774
2050-01-15 13:00:00,35.33166745892224
2050-01-15 14:00:00,27.98807341699572
2050-01-15 15:00:00,36.013843259180064
2050-01-15 16:00:00,28.50598027000385
2050-01-15 17:00:00,19.578952720316305
2050-01-15 18:00:00,22.306862904209876
2050-01-15 19:00:00,39.4440902866154
2050-01-15 20:00:00,47.51634800458068
2050-01-15 21:00:00,17.93679181231609
2050-01-15 22:00:00,9.32131209191622
2050-01-15 23:00:00,7.410553366666662
2050-01-16 00:00:00,6.214659349999994
2050-01-16 01:00:00,5.421952016666666
2050-01-16 02:00:00,5.879751049999999
2050-01-16 03:00:00,5.809500983333333
2050-01-16 04:00:00,6.5122336166666654
2050-01-16 05:00:00,7.33563355
2050-01-16 06:00:00,7.521099683333333
2050-01-16 07:00:00,8.519430083333333
2050-01-16 08:00:00,10.419539034453184
2050-01-16 09:00:00,28.428194411734232
2050-01-16 10:00:00,36.653437775397926
2050-01-16 11:00:00,29.796388986528893
2050-01-16 12:00:00,29.135101303299447
2050-01-16 13:00:00,31.680356123250917
2050-01-16 14:00:00,31.461204660192863
2050-01-16 15:00:00,31.399220586444578
2050-01-16 16:00:00,27.030577935778638
2050-01-16 17:00:00,18.553910835353186
2050-01-16 18:00:00,22.694832024150305
2050-01-16 19:00:00,40.84013122260042
2050-01-16 20:00:00,48.21815834770568
2050-01-16 21:00:00,20.283907667535626
2050-01-16 22:00:00,9.419168698415579
2050-01-16 23:00:00,7.521882566666663
2050-01-17 00:00:00,5.377186733333333
2050-01-17 01:00:00,5.186500949999999
2050-01-17 02:00:00,5.745583483333333
2050-01-17 03:00:00,5.880150066666666
2050-01-17 04:00:00,6.232866633333333
2050-01-17 05:00:00,7.0331331499999985
2050-01-17 06:00:00,9.378839802995614
2050-01-17 07:00:00,35.307480560125654
2050-01-17 08:00:00,42.25574219400569
2050-01-17 09:00:00,16.770438517023155
2050-01-17 10:00:00,18.70581289515773
2050-01-17 11:00:00,15.947260244596698
2050-01-17 12:00:00,16.893102168976107
2050-01-17 13:00:00,20.620337506959938
2050-01-17 14:00:00,22.886986086113563
2050-01-17 15:00:00,18.48164041059971
2050-01-17 16:00:00,14.085812127962953
2050-01-17 17:00:00,17.04347878045662
2050-01-17 18:00:00,22.211354275782167
2050-01-17 19:00:00,50.34117293883557
2050-01-17 20:00:00,52.911754244278924
2050-01-17 21:00:00,24.317563535003003
2050-01-17 22:00:00,10.735122527929406
2050-01-17 23:00:00,7.865207499999996
2050-01-18 00:00:00,4.993469766666666
2050-01-18 01:00:00,5.419801283333333
2050-01-18 02:00:00,5.8598009499999995
2050-01-18 03:00:00,6.040016549999999
2050-01-18 04:00:00,6.134216783333334
2050-01-18 05:00:00,6.973516583333332
2050-01-18 06:00:00,8.870562779858941
2050-01-18 07:00:00,41.85899305255993
2050-01-18 08:00:00,42.456174936815835
2050-01-18 09:00:00,21.76030285605588
2050-01-18 10:00:00,19.762522938161766
2050-01-18 11:00:00,18.781665255728363
2050-01-18 12:00:00,23.36474123495802
2050-01-18 13:00:00,20.438795936077984
2050-01-18 14:00:00,15.529875513600624
2050-01-18 15:00:00,17.278276636662632
2050-01-18 16:00:00,18.836015712716318
2050-01-18 17:00:00,14.045914146361183
2050-01-18 18:00:00,18.654646875564545
2050-01-18 19:00:00,53.67851049551971
2050-01-18 20:00:00,65.07887789838254
2050-01-18 21:00:00,18.28593387077087
2050-01-18 22:00:00,8.1912238106171
2050-01-18 23:00:00,8.105976499999995
2050-01-19 00:00:00,5.447752783333333
2050-01-19 01:00:00,5.358317333333334
2050-01-19 02:00:00,5.601983066666666
2050-01-19 03:00:00,5.668617366666666
2050-01-19 04:00:00,6.357566733333332
2050-01-19 05:00:00,7.083950383333332
2050-01-19 06:00:00,8.98676094930706
2050-01-19 07:00:00,32.23708764046686
2050-01-19 08:00:00,55.84989507550106
2050-01-19 09:00:00,24.26162122738086
2050-01-19 10:00:00,22.488313506974908
2050-01-19 11:00:00,20.080204300871113
2050-01-19 12:00:00,18.743665908767408
2050-01-19 13:00:00,20.005074444832164
2050-01-19 14:00:00,19.44322625939537
2050-01-19 15:00:00,19.895629639521893
2050-01-19 16:00:00,19.753809462085183
2050-01-19 17:00:00,16.864482457869926
2050-01-19 18:00:00,26.522469083800605
2050-01-19 19:00:00,50.60716095861778
2050-01-19 20:00:00,48.90370397201927
2050-01-19 21:00:00,16.769307241338318
2050-01-19 22:00:00,8.383922649100137
2050-01-19 23:00:00,7.681705883333329
2050-01-20 00:00:00,5.014802266666666
2050-01-20 01:00:00,5.132551366666665
2050-01-20 02:00:00,5.21106625
2050-01-20 03:00:00,5.545866266666666
2050-01-20 04:00:00,6.13565075
2050-01-20 05:00:00,7.328783666666666
2050-01-20 06:00:00,9.006069475961523
2050-01-20 07:00:00,39.35370226910306
2050-01-20 08:00:00,49.72361970881574
2050-01-20 09:00:00,20.47380511527868
2050-01-20 10:00:00,13.726958284651921
2050-01-20 11:00:00,13.611094750220365
2050-01-20 12:00:00,18.387467249600615
2050-01-20 13:00:00,21.691496601611018
2050-01-20 14:00:00,19.51858924906547
2050-01-20 15:00:00,26.535313304346552
2050-01-20 16:00:00,16.61093132697067
2050-01-20 17:00:00,17.981649968364426
2050-01-20 18:00:00,21.616216080651018
2050-01-20 19:00:00,50.231002304684935
2050-01-20 20:00:00,45.515236972510145
2050-01-20 21:00:00,16.60322790452913
2050-01-20 22:00:00,9.188769846013232
2050-01-20 23:00:00,7.083264283333329
2050-01-21 00:00:00,5.745204116666666
2050-01-21 01:00:00,5.689216899999999
2050-01-21 02:00:00,6.001417183333333
2050-01-21 03:00:00,6.200500699999999
2050-01-21 04:00:00,6.505032999999999
2050-01-21 05:00:00,7.42841725
2050-01-21 06:00:00,8.122365274009857
2050-01-21 07:00:00,32.00064849741703
2050-01-21 08:00:00,51.6114542035301
2050-01-21 09:00:00,20.959007797342217
2050-01-21 10:00:00,14.276940362880273
2050-01-21 11:00:00,17.681766809196322
2050-01-21 12:00:00,20.49231864697727
2050-01-21 13:00:00,19.9454795925108
2050-01-21 14:00:00,18.097832432689344
2050-01-21 15:00:00,18.864971321695172
2050-01-21 16:00:00,15.703366120271232
2050-01-21 17:00:00,12.506249202987666
2050-01-21 18:00:00,22.77236517094668
2050-01-21 19:00:00,52.18065240982228
2050-01-21 20:00:00,41.2916812049786
2050-01-21 21:00:00,17.525724795988484
2050-01-21 22:00:00,9.843818061431248
2050-01-21 23:00:00,7.563407949999996
2050-01-22 00:00:00,6.238530366666661
2050-01-22 01:00:00,5.325852233333333
2050-01-22 02:00:00,5.975866849999999
2050-01-22 03:00:00,6.099550333333332
2050-01-22 04:00:00,6.553200216666666
2050-01-22 05:00:00,7.561599816666666
2050-01-22 06:00:00,7.724883849999999
2050-01-22 07:00:00,8.448148983333333
2050-01-22 08:00:00,10.09579851455782
2050-01-22 09:00:00,30.168594488310276
2050-01-22 10:00:00,39.91839532695531
2050-01-22 11:00:00,28.8134557321136
2050-01-22 12:00:00,32.93373168949835
2050-01-22 13:00:00,28.524626124331952
2050-01-22 14:00:00,29.32263585142471
2050-01-22 15:00:00,34.02010128192632
2050-01-22 16:00:00,26.654110039852608
2050-01-22 17:00:00,19.934254416810017
2050-01-22 18:00:00,28.112731305721514
2050-01-22 19:00:00,52.64885514115013
2050-01-22 20:00:00,45.57596765474109
2050-01-22 21:00:00,15.007632205626608
2050-01-22 22:00:00,8.653888215743846
2050-01-22 23:00:00,7.4660625333333295
2050-01-23 00:00:00,6.30478301666666
2050-01-23 01:00:00,5.4928357666666665
2050-01-23 02:00:00,5.721132933333332
2050-01-23 03:00:00,6.065616583333332
2050-01-23 04:00:00,6.5065836333333325
2050-01-23 05:00:00,7.08815025
2050-01-23 06:00:00,7.644333549999998
2050-01-23 07:00:00,8.231829349999998
2050-01-23 08:00:00,10.375921323005295
2050-01-23 09:00:00,30.592731682172154
2050-01-23 10:00:00,43.95313332386014
2050-01-23 11:00:00,33.906125319872935
2050-01-23 12:00:00,45.48756563452903
2050-01-23 13:00:00,36.66194184473016
2050-01-23 14:00:00,25.191076334919025
2050-01-23 15:00:00,33.730478485741784
2050-01-23 16:00:00,25.92929543341159
2050-01-23 17:00:00,17.710088359949317
2050-01-23 18:00:00,23.976867915292036
2050-01-23 19:00:00,39.47249862402435
2050-01-23 20:00:00,37.98897996827839
2050-01-23 21:00:00,10.226984322743334
2050-01-23 22:00:00,8.039027778320351
2050-01-23 23:00:00,7.174354766666662
2050-01-24 00:00:00,5.308736
2050-01-24 01:00:00,5.346567649999999
2050-01-24 02:00:00,5.32231715
2050-01-24 03:00:00,5.703450383333333
2050-01-24 04:00:00,6.072833116666666
2050-01-24 05:00:00,6.931799866666666
2050-01-24 06:00:00,8.58429628114551
2050-01-24 07:00:00,35.542717747411785
2050-01-24 08:00:00,43.16544478018862
2050-01-24 09:00:00,15.222142833916829
2050-01-24 10:00:00,21.08211957647899
2050-01-24 11:00:00,16.95847959520623
2050-01-24 12:00:00,19.078236887483044
2050-01-24 13:00:00,18.331768167731994
2050-01-24 14:00:00,19.284635696534895
2050-01-24 15:00:00,23.901096556864566
2050-01-24 16:00:00,15.043367134083558
2050-01-24 17:00:00,17.7350179130112
2050-01-24 18:00:00,14.59968584675832
2050-01-24 19:00:00,46.288405144711795
2050-01-24 20:00:00,61.81016474099609
2050-01-24 21:00:00,22.178311018921203
2050-01-24 22:00:00,9.617286398590897
2050-01-24 23:00:00,7.510389166666664
2050-01-25 00:00:00,5.308302666666666
2050-01-25 01:00:00,5.327966916666666
2050-01-25 02:00:00,5.535634649999999
2050-01-25 03:00:00,5.895150766666666
2050-01-25 04:00:00,6.3335669
2050-01-25 05:00:00,7.510633116666666
2050-01-25 06:00:00,8.38459644306895
2050-01-25 07:00:00,32.25144543814555
2050-01-25 08:00:00,45.53853829307579
2050-01-25 09:00:00,17.52457217077351
2050-01-25 10:00:00,17.2447853064514
2050-01-25 11:00:00,16.218296580185505
2050-01-25 12:00:00,17.43489927554841
2050-01-25 13:00:00,18.85637306650842
2050-01-25 14:00:00,19.28172400327338
2050-01-25 15:00:00,21.388127554719727
2050-01-25 16:00:00,21.97154930378609
2050-01-25 17:00:00,18.964598294839224
2050-01-25 18:00:00,23.893791999355322
2050-01-25 19:00:00,52.54453159276353
2050-01-25 20:00:00,57.82497601232358
2050-01-25 21:00:00,21.266408462060113
2050-01-25 22:00:00,8.897095468608724
2050-01-25 23:00:00,7.858601766666663
2050-01-26 00:00:00,5.132169399999999
2050-01-26 01:00:00,5.529167216666666
2050-01-26 02:00:00,5.552617333333333
2050-01-26 03:00:00,6.039800199999998
2050-01-26 04:00:00,6.430834233333332
2050-01-26 05:00:00,7.2121495
2050-01-26 06:00:00,8.729702360009146
2050-01-26 07:00:00,33.71655624955937
2050-01-26 08:00:00,38.93791632304317
2050-01-26 09:00:00,22.43310941655987
2050-01-26 10:00:00,20.122531637462966
2050-01-26 11:00:00,18.001745282167565
2050-01-26 12:00:00,19.839321816193408
2050-01-26 13:00:00,20.69488501759001
2050-01-26 14:00:00,17.309507210442646
2050-01-26 15:00:00,21.33068442415817
2050-01-26 16:00:00,21.65594296685
2050-01-26 17:00:00,14.447653167645274
2050-01-26 18:00:00,24.97990819222424
2050-01-26 19:00:00,53.03755087430225
2050-01-26 20:00:00,49.387239570946186
2050-01-26 21:00:00,17.331215440056322
2050-01-26 22:00:00,8.91110267784697
2050-01-26 23:00:00,7.449059649999995
2050-01-27 00:00:00,5.2110534333333325
2050-01-27 01:00:00,5.4131007833333324
2050-01-27 02:00:00,5.737382916666666
2050-01-27 03:00:00,5.957133866666666
2050-01-27 04:00:00,6.283233883333333
2050-01-27 05:00:00,7.058916883333334
2050-01-27 06:00:00,8.17136956925072
2050-01-27 07:00:00,27.34383663460352
2050-01-27 08:00:00,39.346078195950874
2050-01-27 09:00:00,17.32084419833355
2050-01-27 10:00:00,15.018853632194132
2050-01-27 11:00:00,17.779408938017745
2050-01-27 12:00:00,19.666453489014923
2050-01-27 13:00:00,20.150172031040498
2050-01-27 14:00:00,15.799061294779984
2050-01-27 15:00:00,21.344922298238796
2050-01-27 16:00:00,20.097693113451765
2050-01-27 17:00:00,19.199247169602895
2050-01-27 18:00:00,24.970682605863512
2050-01-27 19:00:00,55.2955542676125
2050-01-27 20:00:00,60.18776583373624
2050-01-27 21:00:00,22.029171325157616
2050-01-27 22:00:00,10.032644562641353
2050-01-27 23:00:00,7.639650616666662
2050-01-28 00:00:00,5.320219716666665
2050-01-28 01:00:00,5.619500799999999
2050-01-28 02:00:00,5.685816999999999
2050-01-28 03:00:00,6.199616916666666
2050-01-28 04:00:00,6.422200199999998
2050-01-28 05:00:00,7.269633216666666
2050-01-28 06:00:00,8.930687442699856
2050-01-28 07:00:00,35.50513476797366
2050-01-28 08:00:00,38.30131567734265
2050-01-28 09:00:00,23.510107466411714
2050-01-28 10:00:00,19.950352669071073
2050-01-28 11:00:00,17.95714021082045
2050-01-28 12:00:00,19.071452891125585
2050-01-28 13:00:00,18.625208309721533
2050-01-28 14:00:00,15.948486218010137
2050-01-28 15:00:00,23.455500825900064
2050-01-28 16:00:00,19.21785347820947
2050-01-28 17:00:00,18.54694828214725
2050-01-28 18:00:00,23.199200009464928
2050-01-28 19:00:00,46.63347929995289
2050-01-28 20:00:00,56.17804045643813
2050-01-28 21:00:00,16.560841883405875
2050-01-28 22:00:00,8.403208395347594
2050-01-28 23:00:00,8.30788648333333
2050-01-29 00:00:00,6.149499749999993
2050-01-29 01:00:00,5.597601933333333
2050-01-29 02:00:00,5.912083449999999
2050-01-29 03:00:00,5.875149666666666
2050-01-29 04:00:00,6.428299899999999
2050-01-29 05:00:00,7.000550533333332
2050-01-29 06:00:00,7.5452503166666665
2050-01-29 07:00:00,7.946814199999998
2050-01-29 08:00:00,9.925364731665722
2050-01-29 09:00:00,34.7988557197824
2050-01-29 10:00:00,45.52837651970214
2050-01-29 11:00:00,35.155801406212426
2050-01-29 12:00:00,36.1613951966285
2050-01-29 13:00:00,32.562615422801265
2050-01-29 14:00:00,30.680247029420027
2050-01-29 15:00:00,34.8503839561848
2050-01-29 16:00:00,27.69361418046907
2050-01-29 17:00:00,17.562947105768803
2050-01-29 18:00:00,25.513968534663547
2050-01-29 19:00:00,42.207406499631375
2050-01-29 20:00:00,44.04475068321171
2050-01-29 21:00:00,17.468716109806106
2050-01-29 22:00:00,8.939344962615412
2050-01-29 23:00:00,7.150790983333328
2050-01-30 00:00:00,6.219681183333328
2050-01-30 01:00:00,5.7053682666666665
2050-01-30 02:00:00,5.880384833333332
2050-01-30 03:00:00,6.081833316666666
2050-01-30 04:00:00,6.808999983333332
2050-01-30 05:00:00,7.434750083333332
2050-01-30 06:00:00,7.816150349999999
2050-01-30 07:00:00,8.416482616666666
2050-01-30 08:00:00,10.452251616707056
2050-01-30 09:00:00,30.76689278887069
2050-01-30 10:00:00,36.42768205507988
2050-01-30 11:00:00,29.69296619656148
2050-01-30 12:00:00,39.73664760381349
2050-01-30 13:00:00,38.19495100480707
2050-01-30 14:00:00,32.645479878612235
2050-01-30 15:00:00,36.27676762873817
2050-01-30 16:00:00,22.60709840339356
2050-01-30 17:00:00,21.057509536922115
2050-01-30 18:00:00,28.152103351110902
2050-01-30 19:00:00,54.60931756483776
2050-01-30 20:00:00,43.5106872328753
2050-01-30 21:00:00,16.678066644253764
2050-01-30 22:00:00,8.05738429378364
2050-01-30 23:00:00,7.687066483333329
2050-01-31 00:00:00,5.4438872499999995
2050-01-31 01:00:00,5.344150566666666
2050-01-31 02:00:00,5.786450299999999
2050-01-31 03:00:00,5.905667216666666
2050-01-31 04:00:00,6.298867066666666
2050-01-31 05:00:00,7.240716583333332
2050-01-31 06:00:00,10.150854702265471
2050-01-31 07:00:00,32.44860829782692
2050-01-31 08:00:00,41.61143957363452
2050-01-31 09:00:00,18.1183302465176
2050-01-31 10:00:00,21.392609233208233
2050-01-31 11:00:00,20.391264425345483
2050-01-31 12:00:00,17.04869529901426
2050-01-31 13:00:00,19.45069589508505
2050-01-31 14:00:00,17.3391874243937
2050-01-31 15:00:00,21.0444089670319
2050-01-31 16:00:00,14.550836996685057
2050-01-31 17:00:00,16.84423694257353
2050-01-31 18:00:00,27.153072599475284
2050-01-31 19:00:00,51.17066336215572
2050-01-31 20:00:00,49.928283122539284
2050-01-31 21:00:00,17.583941858260406
2050-01-31 22:00:00,9.701572614330928
2050-01-31 23:00:00,7.457073899999997
2050-02-01 00:00:00,5.703253549999999
2050-02-01 01:00:00,5.560467583333332
2050-02-01 02:00:00,5.768600816666666
2050-02-01 03:00:00,6.230933399999999
2050-02-01 04:00:00,6.597533266666665
2050-02-01 05:00:00,7.475532916666666
2050-02-01 06:00:00,8.690105846163299
2050-02-01 07:00:00,31.11301114563348
2050-02-01 08:00:00,30.963071884008112
2050-02-01 09:00:00,18.219495819637764
2050-02-01 10:00:00,19.98180424818099
2050-02-01 11:00:00,18.917216576770944
2050-02-01 12:00:00,21.626163180789064
2050-02-01 13:00:00,16.736465551485605
2050-02-01 14:00:00,19.753970186323848
2050-02-01 15:00:00,22.96084516385001
2050-02-01 16:00:00,20.02449234407169
2050-02-01 17:00:00,16.77145048213941
2050-02-01 18:00:00,25.81970455516087
2050-02-01 19:00:00,49.035992187997806
2050-02-01 20:00:00,46.64628582391241
2050-02-01 21:00:00,15.149978624845389
2050-02-01 22:00:00,10.436141077178087
2050-02-01 23:00:00,7.991555199999997
2050-02-02 00:00:00,5.417602883333332
2050-02-02 01:00:00,5.627866599999998
2050-02-02 02:00:00,5.5782007333333326
2050-02-02 03:00:00,5.6037675333333326
2050-02-02 04:00:00,6.1045340999999995
2050-02-02 05:00:00,7.065350699999999
2050-02-02 06:00:00,8.643377915203553
2050-02-02 07:00:00,32.00345751917358
2050-02-02 08:00:00,43.47652461460329
2050-02-02 09:00:00,22.084423955362883
2050-02-02 10:00:00,20.732755604284755
2050-02-02 11:00:00,16.890335881608557
2050-02-02 12:00:00,16.989723550102187
2050-02-02 13:00:00,16.878232875514232
2050-02-02 14:00:00,19.87970503355958
2050-02-02 15:00:00,22.68576840230268
2050-02-02 16:00:00,16.906697963115533
2050-02-02 17:00:00,18.808876396175393
2050-02-02 18:00:00,26.6460163182472
2050-02-02 19:00:00,45.47185671107224
2050-02-02 20:00:00,48.61795698424349
2050-02-02 21:00:00,19.653051748672155
2050-02-02 22:00:00,9.456667258745133
2050-02-02 23:00:00,7.6300225833333295
2050-02-03 00:00:00,5.295869916666666
2050-02-03 01:00:00,5.327884766666666
2050-02-03 02:00:00,5.582716833333333
2050-02-03 03:00:00,5.728600833333333
2050-02-03 04:00:00,5.914233333333333
2050-02-03 05:00:00,6.720949816666665
2050-02-03 06:00:00,7.999094737692693
2050-02-03 07:00:00,38.79341437650645
2050-02-03 08:00:00,42.827075454832006
2050-02-03 09:00:00,18.951062933488718
2050-02-03 10:00:00,14.682510280277606
2050-02-03 11:00:00,18.435662814046147
2050-02-03 12:00:00,19.447644376388368
2050-02-03 13:00:00,14.93122136438316
2050-02-03 14:00:00,18.42157699711668
2050-02-03 15:00:00,24.39144840711543
2050-02-03 16:00:00,19.239371519153543
2050-02-03 17:00:00,15.845196546057903
2050-02-03 18:00:00,21.94468305534917
2050-02-03 19:00:00,50.81133419984972
2050-02-03 20:00:00,54.48682204934718
2050-02-03 21:00:00,13.752471135574062
2050-02-03 22:00:00,8.207772249999996
2050-02-03 23:00:00,7.396988083333329
2050-02-04 00:00:00,5.202670083333333
2050-02-04 01:00:00,5.608601249999999
2050-02-04 02:00:00,5.901266866666667
2050-02-04 03:00:00,5.981266833333332
2050-02-04 04:00:00,6.634183083333333
2050-02-04 05:00:00,7.270699699999999
2050-02-04 06:00:00,8.604954706455192
2050-02-04 07:00:00,40.336982908570775
2050-02-04 08:00:00,53.09925826680999
2050-02-04 09:00:00,28.878137399545277
2050-02-04 10:00:00,20.671791359595623
2050-02-04 11:00:00,16.494463853843826
2050-02-04 12:00:00,19.867150969038953
2050-02-04 13:00:00,15.27884610369034
2050-02-04 14:00:00,14.372775557767715
2050-02-04 15:00:00,23.79833970957795
2050-02-04 16:00:00,23.618171147619975
2050-02-04 17:00:00,13.722020500256278
2050-02-04 18:00:00,18.785434857882688
2050-02-04 19:00:00,45.7339263472969
2050-02-04 20:00:00,47.32076796981729
2050-02-04 21:00:00,13.405410199349985
2050-02-04 22:00:00,9.295444534455541
2050-02-04 23:00:00,7.759848516666663
2050-02-05 00:00:00,6.007384666666661
2050-02-05 01:00:00,5.495202166666666
2050-02-05 02:00:00,5.324984233333333
2050-02-05 03:00:00,5.84689985
2050-02-05 04:00:00,6.322450733333333
2050-02-05 05:00:00,7.524233983333333
2050-02-05 06:00:00,7.61073375
2050-02-05 07:00:00,8.578512949999999
2050-02-05 08:00:00,10.417421388002932
2050-02-05 09:00:00,38.95912887567693
2050-02-05 10:00:00,44.21685560134523
2050-02-05 11:00:00,36.49933383032003
2050-02-05 12:00:00,31.533845525197737
2050-02-05 13:00:00,30.805003701094147
2050-02-05 14:00:00,24.059455989309548
2050-02-05 15:00:00,31.819259312497998
2050-02-05 16:00:00,26.721166092550416
2050-02-05 17:00:00,17.448971725216648
2050-02-05 18:00:00,21.33912470501358
2050-02-05 19:00:00,41.40848020402493
2050-02-05 20:00:00,46.032698305705296
2050-02-05 21:00:00,21.558016305635192
2050-02-05 22:00:00,9.057090871486553
2050-02-05 23:00:00,7.949733016666664
2050-02-06 00:00:00,6.2641219499999945
2050-02-06 01:00:00,5.4210019833333325
2050-02-06 02:00:00,5.6797678
2050-02-06 03:00:00,5.834050649999999
2050-02-06 04:00:00,6.320500883333332
2050-02-06 05:00:00,7.3260166333333325
2050-02-06 06:00:00,7.539366266666666
2050-02-06 07:00:00,8.238578366666665
2050-02-06 08:00:00,10.15611568091531
2050-02-06 09:00:00,28.082249976812655
2050-02-06 10:00:00,45.50494729242837
2050-02-06 11:00:00,34.818315238629516
2050-02-06 12:00:00,32.329090790216036
2050-02-06 13:00:00,35.42228873197013
2050-02-06 14:00:00,25.839806556062793
2050-02-06 15:00:00,32.92420512935765
2050-02-06 16:00:00,28.2626078156586
2050-02-06 17:00:00,18.669381032979345
2050-02-06 18:00:00,22.75022843084204
2050-02-06 19:00:00,46.706390563943906
2050-02-06 20:00:00,41.81749894106012
2050-02-06 21:00:00,21.68681804092524
2050-02-06 22:00:00,10.035857761135809
2050-02-06 23:00:00,7.435077533333328
2050-02-07 00:00:00,5.203969283333333
2050-02-07 01:00:00,5.394600633333333
2050-02-07 02:00:00,5.618200216666666
2050-02-07 03:00:00,5.949066683333332
2050-02-07 04:00:00,5.981800316666666
2050-02-07 05:00:00,7.278817116666666
2050-02-07 06:00:00,8.3037154162837
2050-02-07 07:00:00,29.376909105629636
2050-02-07 08:00:00,45.56124117177742
2050-02-07 09:00:00,17.82452481714827
2050-02-07 10:00:00,20.583333091332378
2050-02-07 11:00:00,17.746397984050017
2050-02-07 12:00:00,23.655850956628278
2050-02-07 13:00:00,16.63811010839224
2050-02-07 14:00:00,19.76227385714045
2050-02-07 15:00:00,20.309383249274173
2050-02-07 16:00:00,24.30404778378208
2050-02-07 17:00:00,18.72739137154627
2050-02-07 18:00:00,25.383856842902755
2050-02-07 19:00:00,58.63904300477186
2050-02-07 20:00:00,54.71974620876237
2050-02-07 21:00:00,23.104692105631848
2050-02-07 22:00:00,9.609068931061245
2050-02-07 23:00:00,7.424320366666662
2050-02-08 00:00:00,5.415186366666666
2050-02-08 01:00:00,5.567934516666665
2050-02-08 02:00:00,5.7688670166666665
2050-02-08 03:00:00,5.8017672666666655
2050-02-08 04:00:00,6.387033399999999
2050-02-08 05:00:00,7.1264839166666665
2050-02-08 06:00:00,8.337472699773931
2050-02-08 07:00:00,33.80274357131942
2050-02-08 08:00:00,43.72151989765581
2050-02-08 09:00:00,20.33503198001515
2050-02-08 10:00:00,14.425475497539427
2050-02-08 11:00:00,22.80968512745319
2050-02-08 12:00:00,24.09518485106791
2050-02-08 13:00:00,17.681353257178007
2050-02-08 14:00:00,19.50186102182077
2050-02-08 15:00:00,21.661339754559677
2050-02-08 16:00:00,17.597453453218403
2050-02-08 17:00:00,13.988591544182777
2050-02-08 18:00:00,22.686721097127176
2050-02-08 19:00:00,50.70336879857793
2050-02-08 20:00:00,54.213160428323825
2050-02-08 21:00:00,19.98222813957119
2050-02-08 22:00:00,9.109014895892237
2050-02-08 23:00:00,7.8315740166666625
2050-02-09 00:00:00,5.354103633333333
2050-02-09 01:00:00,5.7093513
2050-02-09 02:00:00,5.776566766666666
2050-02-09 03:00:00,6.0054839
2050-02-09 04:00:00,6.294849716666666
2050-02-09 05:00:00,7.448166233333334
2050-02-09 06:00:00,8.751832101154564
2050-02-09 07:00:00,34.872445118036204
2050-02-09 08:00:00,39.416772135370806
2050-02-09 09:00:00,18.294034906095227
2050-02-09 10:00:00,22.67752687420249
2050-02-09 11:00:00,19.52350187734422
2050-02-09 12:00:00,19.703186589017918
2050-02-09 13:00:00,18.403099353863333
2050-02-09 14:00:00,14.311384007627069
2050-02-09 15:00:00,19.386325637544335
2050-02-09 16:00:00,17.265901408483334
2050-02-09 17:00:00,18.58121176651884
2050-02-09 18:00:00,21.849532146863247
2050-02-09 19:00:00,51.84865649463587
2050-02-09 20:00:00,54.396597456825475
2050-02-09 21:00:00,18.267106619301046
2050-02-09 22:00:00,9.260181467977624
2050-02-09 23:00:00,7.759020266666663
2050-02-10 00:00:00,5.8551693333333334
2050-02-10 01:00:00,5.6295175666666655
2050-02-10 02:00:00,5.892035133333333
2050-02-10 03:00:00,6.415866899999999
2050-02-10 04:00:00,6.524783116666667
2050-02-10 05:00:00,7.287266566666666
2050-02-10 06:00:00,8.55924782345657
2050-02-10 07:00:00,32.55080201665615
2050-02-10 08:00:00,42.9196330003925
2050-02-10 09:00:00,19.88813404053775
2050-02-10 10:00:00,17.950762097965253
2050-02-10 11:00:00,15.594200360875353
2050-02-10 12:00:00,21.40824522963238
2050-02-10 13:00:00,20.588589149828692
2050-02-10 14:00:00,21.10359935148431
2050-02-10 15:00:00,19.96088236534483
2050-02-10 16:00:00,21.52482589792118
2050-02-10 17:00:00,17.9806961015755
2050-02-10 18:00:00,24.19612677286099
2050-02-10 19:00:00,49.593842836980706
2050-02-10 20:00:00,53.89392999111974
2050-02-10 21:00:00,15.933159824243043
2050-02-10 22:00:00,8.761312925329307
2050-02-10 23:00:00,7.911750466666664
2050-02-11 00:00:00,4.831603133333333
2050-02-11 01:00:00,5.127817599999999
2050-02-11 02:00:00,5.571200033333333
2050-02-11 03:00:00,5.998667149999999
2050-02-11 04:00:00,6.446866383333332
2050-02-11 05:00:00,7.0568002
2050-02-11 06:00:00,8.130512434870361
2050-02-11 07:00:00,28.916881193084958
2050-02-11 08:00:00,50.40363295737496
2050-02-11 09:00:00,23.24880880558773
2050-02-11 10:00:00,17.867578054484444
2050-02-11 11:00:00,18.291867356392185
2050-02-11 12:00:00,21.494704563076507
2050-02-11 13:00:00,22.724079111119668
2050-02-11 14:00:00,17.70453700723101
2050-02-11 15:00:00,17.726809121467095
2050-02-11 16:00:00,13.850391507864003
2050-02-11 17:00:00,18.371459867463912
2050-02-11 18:00:00,27.1568653666316
2050-02-11 19:00:00,51.39445571181468
2050-02-11 20:00:00,49.57520585731613
2050-02-11 21:00:00,17.165054730929473
2050-02-11 22:00:00,9.572501380858512
2050-02-11 23:00:00,7.32713803333333
2050-02-12 00:00:00,5.839315083333327
2050-02-12 01:00:00,5.448169233333333
2050-02-12 02:00:00,5.605617166666666
2050-02-12 03:00:00,5.675201666666666
2050-02-12 04:00:00,6.305216783333332
2050-02-12 05:00:00,7.139067266666666
2050-02-12 06:00:00,7.405916616666667
2050-02-12 07:00:00,8.094696849999998
2050-02-12 08:00:00,10.270533213527502
2050-02-12 09:00:00,31.150500504154003
2050-02-12 10:00:00,40.78998927382749
2050-02-12 11:00:00,31.49513938448979
2050-02-12 12:00:00,41.970302059117465
2050-02-12 13:00:00,29.93054681834882
2050-02-12 14:00:00,24.259959435540594
2050-02-12 15:00:00,30.254117270802023
2050-02-12 16:00:00,25.39927089339152
2050-02-12 17:00:00,19.371628916116475
2050-02-12 18:00:00,25.728447075346764
2050-02-12 19:00:00,49.47331100476109
2050-02-12 20:00:00,46.615549267022026
2050-02-12 21:00:00,19.844263385715315
2050-02-12 22:00:00,8.739607103602731
2050-02-12 23:00:00,7.406345566666662
2050-02-13 00:00:00,5.776701199999994
2050-02-13 01:00:00,5.159835583333333
2050-02-13 02:00:00,5.269417483333333
2050-02-13 03:00:00,5.550984083333333
2050-02-13 04:00:00,6.383916166666666
2050-02-13 05:00:00,7.148449299999999
2050-02-13 06:00:00,7.708250483333333
2050-02-13 07:00:00,8.264399316666665
2050-02-13 08:00:00,10.313798149128184
2050-02-13 09:00:00,26.559728007541967
2050-02-13 10:00:00,38.49251473228836
2050-02-13 11:00:00,30.484118040754378
2050-02-13 12:00:00,35.42673838745073
2050-02-13 13:00:00,34.447045831326044
2050-02-13 14:00:00,28.778942238353636
2050-02-13 15:00:00,38.4734501637436
2050-02-13 16:00:00,27.489685406065657
2050-02-13 17:00:00,20.77910218597098
2050-02-13 18:00:00,32.17732197280772
2050-02-13 19:00:00,44.91067448234679
2050-02-13 20:00:00,35.79855786770331
2050-02-13 21:00:00,14.594073279671857
2050-02-13 22:00:00,7.518464343570083
2050-02-13 23:00:00,7.154408999999995
2050-02-14 00:00:00,5.522735983333332
2050-02-14 01:00:00,5.481133616666665
2050-02-14 02:00:00,5.812284733333333
2050-02-14 03:00:00,6.160883833333332
2050-02-14 04:00:00,6.463283333333332
2050-02-14 05:00:00,7.476216516666667
2050-02-14 06:00:00,8.431861651050669
2050-02-14 07:00:00,36.18497280595928
2050-02-14 08:00:00,46.82441428462356
2050-02-14 09:00:00,19.76196371577669
2050-02-14 10:00:00,18.433473020653928
2050-02-14 11:00:00,16.859735693997727
2050-02-14 12:00:00,20.545693581783578
2050-02-14 13:00:00,18.86587673708617
2050-02-14 14:00:00,17.46228847166983
2050-02-14 15:00:00,19.426223756375837
2050-02-14 16:00:00,21.610408985663142
2050-02-14 17:00:00,18.00043481938099
2050-02-14 18:00:00,24.52300941507658
2050-02-14 19:00:00,56.17888057098901
2050-02-14 20:00:00,47.36729410812174
2050-02-14 21:00:00,12.986481740976584
2050-02-14 22:00:00,9.633378561422736
2050-02-14 23:00:00,7.74858598333333
2050-02-15 00:00:00,5.461969766666666
2050-02-15 01:00:00,5.632550583333333
2050-02-15 02:00:00,5.642716516666666
2050-02-15 03:00:00,5.592233633333334
2050-02-15 04:00:00,6.204383499999999
2050-02-15 05:00:00,7.251250233333333
2050-02-15 06:00:00,9.475444942560108
2050-02-15 07:00:00,25.65638175758081
2050-02-15 08:00:00,38.44784162799601
2050-02-15 09:00:00,19.345350774453838
2050-02-15 10:00:00,21.18683447264396
2050-02-15 11:00:00,17.712107411789283
2050-02-15 12:00:00,23.5703243221303
2050-02-15 13:00:00,17.43488123922543
2050-02-15 14:00:00,16.15341649553275
2050-02-15 15:00:00,20.32304931337393
2050-02-15 16:00:00,21.107337855555162
2050-02-15 17:00:00,15.142801220425195
2050-02-15 18:00:00,24.538074157141157
2050-02-15 19:00:00,59.51612709427163
2050-02-15 20:00:00,54.63415325810296
2050-02-15 21:00:00,18.26150622109424
2050-02-15 22:00:00,9.169409471164569
2050-02-15 23:00:00,7.738675099999996
2050-02-16 00:00:00,5.517285483333332
2050-02-16 01:00:00,5.498651166666666
2050-02-16 02:00:00,5.934250316666667
2050-02-16 03:00:00,6.201433916666666
2050-02-16 04:00:00,6.4760671499999996
2050-02-16 05:00:00,7.391266849999999
2050-02-16 06:00:00,8.753470338770773
2050-02-16 07:00:00,45.344182436045934
2050-02-16 08:00:00,57.44486703404288
2050-02-16 09:00:00,18.447375646075
2050-02-16 10:00:00,17.31714054821894
2050-02-16 11:00:00,18.859110985063847
2050-02-16 12:00:00,27.035720530360457
2050-02-16 13:00:00,14.45203446375915
2050-02-16 14:00:00,19.837835271900392
2050-02-16 15:00:00,22.200216615525054
2050-02-16 16:00:00,14.836029951465571
2050-02-16 17:00:00,15.165739540210833
2050-02-16 18:00:00,20.317224223416236
2050-02-16 19:00:00,43.69462353672288
2050-02-16 20:00:00,49.784988628267406
2050-02-16 21:00:00,13.77002315505298
2050-02-16 22:00:00,8.524865367804692
2050-02-16 23:00:00,7.628737049999996
2050-02-17 00:00:00,5.436570366666666
2050-02-17 01:00:00,5.619367749999999
2050-02-17 02:00:00,5.7317012499999995
2050-02-17 03:00:00,5.993716266666667
2050-02-17 04:00:00,6.488049683333332
2050-02-17 05:00:00,7.297083316666666
2050-02-17 06:00:00,8.825368697669479
2050-02-17 07:00:00,28.78289041439942
2050-02-17 08:00:00,44.14629337484703
2050-02-17 09:00:00,23.736370223774095
2050-02-17 10:00:00,19.328422159733297
2050-02-17 11:00:00,20.519395764103496
2050-02-17 12:00:00,22.131139601966492
2050-02-17 13:00:00,16.61980506962812
2050-02-17 14:00:00,13.934349286959984
2050-02-17 15:00:00,16.00397865035749
2050-02-17 16:00:00,18.81312455921831
2050-02-17 17:00:00,19.585081380812635
2050-02-17 18:00:00,19.820502944176024
2050-02-17 19:00:00,53.574219037307586
2050-02-17 20:00:00,59.895480395899206
2050-02-17 21:00:00,23.307587449330377
2050-02-17 22:00:00,10.485588827581934
2050-02-17 23:00:00,7.628277616666662
2050-02-18 00:00:00,5.222086899999999
2050-02-18 01:00:00,5.499484499999999
2050-02-18 02:00:00,5.3177006833333325
2050-02-18 03:00:00,5.794316466666666
2050-02-18 04:00:00,6.474849816666666
2050-02-18 05:00:00,7.419017149999999
2050-02-18 06:00:00,8.876410469427926
2050-02-18 07:00:00,41.42141932456659
2050-02-18 08:00:00,37.54543721495666
2050-02-18 09:00:00,19.614696617553548
2050-02-18 10:00:00,12.866378630529198
2050-02-18 11:00:00,13.453824500810926
2050-02-18 12:00:00,24.746311922204967
2050-02-18 13:00:00,20.610066872291206
2050-02-18 14:00:00,17.368428380896813
2050-02-18 15:00:00,20.920352364654804
2050-02-18 16:00:00,16.7695194912355
2050-02-18 17:00:00,16.04218546036634
2050-02-18 18:00:00,22.387313798700735
2050-02-18 19:00:00,57.76416496735416
2050-02-18 20:00:00,50.3568858499643
2050-02-18 21:00:00,19.244181558272267
2050-02-18 22:00:00,9.813101119058526
2050-02-18 23:00:00,7.701655166666662
2050-02-19 00:00:00,6.285346649999993
2050-02-19 01:00:00,5.292119466666666
2050-02-19 02:00:00,5.551017033333332
2050-02-19 03:00:00,5.606350633333332
2050-02-19 04:00:00,6.362700566666667
2050-02-19 05:00:00,7.354566449999999
2050-02-19 06:00:00,7.760016566666666
2050-02-19 07:00:00,8.405648666666666
2050-02-19 08:00:00,10.67107632212814
2050-02-19 09:00:00,30.74977488461638
2050-02-19 10:00:00,44.30974100314144
2050-02-19 11:00:00,31.79786604367449
2050-02-19 12:00:00,30.980565498213878
2050-02-19 13:00:00,37.648138465892295
2050-02-19 14:00:00,32.56265281791734
2050-02-19 15:00:00,42.75674079353921
2050-02-19 16:00:00,32.739488202043106
2050-02-19 17:00:00,19.06794093302054
2050-02-19 18:00:00,22.790136692654983
2050-02-19 19:00:00,45.591930851467176
2050-02-19 20:00:00,38.49353953561243
2050-02-19 21:00:00,16.85914084949501
2050-02-19 22:00:00,9.801391510325436
2050-02-19 23:00:00,7.366671416666661
2050-02-20 00:00:00,5.962010816666661
2050-02-20 01:00:00,5.088068399999999
2050-02-20 02:00:00,5.539016849999999
2050-02-20 03:00:00,6.00103445
2050-02-20 04:00:00,6.131649516666666
2050-02-20 05:00:00,6.981400383333333
2050-02-20 06:00:00,7.467816983333333
2050-02-20 07:00:00,8.047933649999997
2050-02-20 08:00:00,9.800883057495522
2050-02-20 09:00:00,32.222941744208285
2050-02-20 10:00:00,45.48943812756068
2050-02-20 11:00:00,31.31736616570597
2050-02-20 12:00:00,38.66123339808637
2050-02-20 13:00:00,41.66085682086238
2050-02-20 14:00:00,28.43675801298183
2050-02-20 15:00:00,32.70623981165728
2050-02-20 16:00:00,25.204033225929123
2050-02-20 17:00:00,17.74410061722812
2050-02-20 18:00:00,24.61109345914939
2050-02-20 19:00:00,43.03409937537719
2050-02-20 20:00:00,47.92388804107548
2050-02-20 21:00:00,23.748023656580617
2050-02-20 22:00:00,9.73619900591587
2050-02-20 23:00:00,7.553092449999996
2050-02-21 00:00:00,5.2747525
2050-02-21 01:00:00,5.2689682
2050-02-21 02:00:00,5.50396735
2050-02-21 03:00:00,5.972384083333333
2050-02-21 04:00:00,6.333382933333333
2050-02-21 05:00:00,7.1536327166666664
2050-02-21 06:00:00,8.130063816666665
2050-02-21 07:00:00,34.366387379334206
2050-02-21 08:00:00,51.75712953661168
2050-02-21 09:00:00,20.88862063103128
2050-02-21 10:00:00,15.969894985537092
2050-02-21 11:00:00,18.680448148808086
2050-02-21 12:00:00,21.230367021789927
2050-02-21 13:00:00,15.975880806064875
2050-02-21 14:00:00,17.01683965010215
2050-02-21 15:00:00,20.480915564640807
2050-02-21 16:00:00,17.47500233156787
2050-02-21 17:00:00,15.852173028749458
2050-02-21 18:00:00,28.964541007044016
2050-02-21 19:00:00,54.798460824157885
2050-02-21 20:00:00,58.27736403545039
2050-02-21 21:00:00,19.892087409429735
2050-02-21 22:00:00,9.031821039856345
2050-02-21 23:00:00,7.307356533333329
2050-02-22 00:00:00,5.515619866666666
2050-02-22 01:00:00,5.365533683333332
2050-02-22 02:00:00,5.521617533333333
2050-02-22 03:00:00,5.628616433333333
2050-02-22 04:00:00,6.041366866666666
2050-02-22 05:00:00,6.7494010499999995
2050-02-22 06:00:00,8.353473796957232
2050-02-22 07:00:00,31.914332889082583
2050-02-22 08:00:00,51.328896628928405
2050-02-22 09:00:00,19.107683244170758
2050-02-22 10:00:00,14.450064380043237
2050-02-22 11:00:00,17.814947817254218
2050-02-22 12:00:00,19.682225552276044
2050-02-22 13:00:00,22.080109988264176
2050-02-22 14:00:00,14.631913135594651
2050-02-22 15:00:00,22.779804014423256
2050-02-22 16:00:00,19.60464045670978
2050-02-22 17:00:00,17.963905525062856
2050-02-22 18:00:00,20.168012631526093
2050-02-22 19:00:00,57.1243369017363
2050-02-22 20:00:00,57.35332764237433
2050-02-22 21:00:00,16.699488824836077
2050-02-22 22:00:00,9.13813949136303
2050-02-22 23:00:00,7.988772449999997
2050-02-23 00:00:00,5.266803133333333
2050-02-23 01:00:00,5.267984816666666
2050-02-23 02:00:00,5.7009678333333325
2050-02-23 03:00:00,6.041033666666666
2050-02-23 04:00:00,6.348899783333333
2050-02-23 05:00:00,7.370666633333332
2050-02-23 06:00:00,8.629532167342493
2050-02-23 07:00:00,27.511530648346675
2050-02-23 08:00:00,39.95897757560225
2050-02-23 09:00:00,21.8244375987402
2050-02-23 10:00:00,19.564903207795336
2050-02-23 11:00:00,20.318097496835954
2050-02-23 12:00:00,20.864975775748597
2050-02-23 13:00:00,20.217270372655136
2050-02-23 14:00:00,16.829752961370055
2050-02-23 15:00:00,25.01114729824495
2050-02-23 16:00:00,14.840557968883154
2050-02-23 17:00:00,16.13211606980147
2050-02-23 18:00:00,18.19376012971533
2050-02-23 19:00:00,49.1177329746633
2050-02-23 20:00:00,47.49747223844135
2050-02-23 21:00:00,18.40372994542318
2050-02-23 22:00:00,8.668111510636521
2050-02-23 23:00:00,7.5661439666666634
2050-02-24 00:00:00,4.993185699999999
2050-02-24 01:00:00,5.479801166666666
2050-02-24 02:00:00,5.283984583333333
2050-02-24 03:00:00,5.6874507833333325
2050-02-24 04:00:00,6.423416466666666
2050-02-24 05:00:00,7.480566716666666
2050-02-24 06:00:00,9.055130991702786
2050-02-24 07:00:00,39.961670753830795
2050-02-24 08:00:00,40.44126841045024
2050-02-24 09:00:00,22.89309537015489
2050-02-24 10:00:00,17.492956570884157
2050-02-24 11:00:00,16.95935822595288
2050-02-24 12:00:00,18.62912737688895
2050-02-24 13:00:00,22.505006913366422
2050-02-24 14:00:00,15.335097214119441
2050-02-24 15:00:00,19.85124548136199
2050-02-24 16:00:00,19.495473515003113
2050-02-24 17:00:00,15.095223421257677
2050-02-24 18:00:00,22.91529562149449
2050-02-24 19:00:00,57.73461647701306
2050-02-24 20:00:00,55.61287180568781
2050-02-24 21:00:00,25.978756498661475
2050-02-24 22:00:00,9.515900601054273
2050-02-24 23:00:00,7.647357349999996
2050-02-25 00:00:00,5.268619349999999
2050-02-25 01:00:00,5.024333783333333
2050-02-25 02:00:00,5.4401171166666655
2050-02-25 03:00:00,5.775700633333332
2050-02-25 04:00:00,6.152083733333333
2050-02-25 05:00:00,7.0807832333333325
2050-02-25 06:00:00,8.094718802206955
2050-02-25 07:00:00,36.08894849363451
2050-02-25 08:00:00,44.62319443976341
2050-02-25 09:00:00,24.431650932001144
2050-02-25 10:00:00,18.894475138331476
2050-02-25 11:00:00,19.305701277414418
2050-02-25 12:00:00,19.61309378477386
2050-02-25 13:00:00,17.583423316393304
2050-02-25 14:00:00,17.268224260400615
2050-02-25 15:00:00,19.412425364424326
2050-02-25 16:00:00,22.34951992041575
2050-02-25 17:00:00,15.902345368581805
2050-02-25 18:00:00,24.17212804422097
2050-02-25 19:00:00,53.61321832492687
2050-02-25 20:00:00,53.25939584536729
2050-02-25 21:00:00,16.724294349623715
2050-02-25 22:00:00,8.372281069368219
2050-02-25 23:00:00,7.53634153333333
2050-02-26 00:00:00,6.357680916666661
2050-02-26 01:00:00,5.386667566666666
2050-02-26 02:00:00,5.9117839
2050-02-26 03:00:00,6.073733699999999
2050-02-26 04:00:00,6.376050166666666
2050-02-26 05:00:00,7.139266849999999
2050-02-26 06:00:00,7.5954173166666665
2050-02-26 07:00:00,8.036551833333332
2050-02-26 08:00:00,10.21415041674143
2050-02-26 09:00:00,24.432002274265983
2050-02-26 10:00:00,34.1268993608023
2050-02-26 11:00:00,35.44037543739435
2050-02-26 12:00:00,33.19945631924743
2050-02-26 13:00:00,37.27926692293119
2050-02-26 14:00:00,33.822880984812585
2050-02-26 15:00:00,37.99565481153512
2050-02-26 16:00:00,29.79713602761882
2050-02-26 17:00:00,19.5007218950182
2050-02-26 18:00:00,23.56154021683428
2050-02-26 19:00:00,39.87076822724998
2050-02-26 20:00:00,36.561722759765345
2050-02-26 21:00:00,19.34338755722037
2050-02-26 22:00:00,9.413244328939438
2050-02-26 23:00:00,8.104522149999994
2050-02-27 00:00:00,6.6916085499999935
2050-02-27 01:00:00,5.473735683333333
2050-02-27 02:00:00,5.854250716666666
2050-02-27 03:00:00,5.691983116666666
2050-02-27 04:00:00,6.3914335499999995
2050-02-27 05:00:00,7.20060025
2050-02-27 06:00:00,7.641249983333332
2050-02-27 07:00:00,8.106411799999998
2050-02-27 08:00:00,9.952413679547336
2050-02-27 09:00:00,30.287806799627656
2050-02-27 10:00:00,40.471480664335694
2050-02-27 11:00:00,39.176309000013006
2050-02-27 12:00:00,40.500177128613856
2050-02-27 13:00:00,34.04671274049932
2050-02-27 14:00:00,31.189996712703916
2050-02-27 15:00:00,37.39582378730962
2050-02-27 16:00:00,24.214617839114197
2050-02-27 17:00:00,21.845283237702397
2050-02-27 18:00:00,27.865952901591058
2050-02-27 19:00:00,46.77093304821369
2050-02-27 20:00:00,34.32543504404401
2050-02-27 21:00:00,17.337261071964523
2050-02-27 22:00:00,9.699759991395101
2050-02-27 23:00:00,8.085787266666664
2050-02-28 00:00:00,5.184136833333333
2050-02-28 01:00:00,5.287117733333333
2050-02-28 02:00:00,5.732150999999999
2050-02-28 03:00:00,5.9115831
2050-02-28 04:00:00,6.210533683333332
2050-02-28 05:00:00,7.2222172833333325
2050-02-28 06:00:00,8.163020733333331
2050-02-28 07:00:00,36.874216680838416
2050-02-28 08:00:00,52.02994525278141
2050-02-28 09:00:00,20.083587295338354
2050-02-28 10:00:00,22.760640220593093
2050-02-28 11:00:00,16.598142192940784
2050-02-28 12:00:00,20.948514662099505
2050-02-28 13:00:00,18.284784790940957
2050-02-28 14:00:00,17.08409761145243
2050-02-28 15:00:00,21.86563610986781
2050-02-28 16:00:00,17.16126318710433
2050-02-28 17:00:00,16.271450367980066
2050-02-28 18:00:00,17.437959034193682
2050-02-28 19:00:00,45.62155766610358
2050-02-28 20:00:00,58.1735926438421
2050-02-28 21:00:00,20.859318213176273
2050-02-28 22:00:00,9.962029221468967
2050-02-28 23:00:00,7.537621249999996
2050-03-01 00:00:00,5.1205866166666665
2050-03-01 01:00:00,5.4827511499999995
2050-03-01 02:00:00,5.480566849999999
2050-03-01 03:00:00,5.577416633333332
2050-03-01 04:00:00,6.1991839666666655
2050-03-01 05:00:00,7.54365025
2050-03-01 06:00:00,8.42563521696703
2050-03-01 07:00:00,36.81663373674257
2050-03-01 08:00:00,46.48444230671344
2050-03-01 09:00:00,15.14412100455634
2050-03-01 10:00:00,14.325893484157586
2050-03-01 11:00:00,18.37475595503327
2050-03-01 12:00:00,21.67843686078666
2050-03-01 13:00:00,19.89883878803237
2050-03-01 14:00:00,14.272681613487052
2050-03-01 15:00:00,14.18773065001488
2050-03-01 16:00:00,18.725646471471407
2050-03-01 17:00:00,17.370016058993453
2050-03-01 18:00:00,25.60621873181344
2050-03-01 19:00:00,51.60431249382264
2050-03-01 20:00:00,65.34013566443828
2050-03-01 21:00:00,19.737228534310958
2050-03-01 22:00:00,8.76439009623373
2050-03-01 23:00:00,7.403374249999996
2050-03-02 00:00:00,5.3412696666666655
2050-03-02 01:00:00,5.411200849999999
2050-03-02 02:00:00,5.780617033333332
2050-03-02 03:00:00,5.870451083333332
2050-03-02 04:00:00,6.348816499999999
2050-03-02 05:00:00,7.142265799999999
2050-03-02 06:00:00,7.911728440249109
2050-03-02 07:00:00,29.14802616898672
2050-03-02 08:00:00,52.23749107262769
2050-03-02 09:00:00,25.26898494235012
2050-03-02 10:00:00,16.90947323345667
2050-03-02 11:00:00,16.32171452055799
2050-03-02 12:00:00,18.344811140313332
2050-03-02 13:00:00,19.702617217181302
2050-03-02 14:00:00,17.238230322803584
2050-03-02 15:00:00,16.91417840940318
2050-03-02 16:00:00,16.637053074719947
2050-03-02 17:00:00,14.33903758123638
2050-03-02 18:00:00,22.81556994207523
2050-03-02 19:00:00,54.300917501649906
2050-03-02 20:00:00,50.06418652576194
2050-03-02 21:00:00,17.13114613395216
2050-03-02 22:00:00,9.27289290842577
2050-03-02 23:00:00,8.121968766666663
2050-03-03 00:00:00,5.455719716666666
2050-03-03 01:00:00,5.446934516666666
2050-03-03 02:00:00,5.844366849999999
2050-03-03 03:00:00,6.009067083333332
2050-03-03 04:00:00,6.435683366666666
2050-03-03 05:00:00,7.27998345
2050-03-03 06:00:00,8.683230382545778
2050-03-03 07:00:00,35.30338725117587
2050-03-03 08:00:00,48.12126896430954
2050-03-03 09:00:00,15.615402970983524
2050-03-03 10:00:00,16.806187953281142
2050-03-03 11:00:00,19.871484275925532
2050-03-03 12:00:00,16.384243488652654
2050-03-03 13:00:00,13.89962581334568
2050-03-03 14:00:00,17.449200960264275
2050-03-03 15:00:00,25.899675540953563
2050-03-03 16:00:00,19.166615066349085
2050-03-03 17:00:00,14.960789598182792
2050-03-03 18:00:00,24.96522566531108
2050-03-03 19:00:00,53.932127729283344
2050-03-03 20:00:00,58.06461274755138
2050-03-03 21:00:00,22.82359678336053
2050-03-03 22:00:00,11.017566358809292
2050-03-03 23:00:00,7.456951266666661
2050-03-04 00:00:00,5.745852966666666
2050-03-04 01:00:00,5.5668175
2050-03-04 02:00:00,5.788599516666666
2050-03-04 03:00:00,6.046634033333333
2050-03-04 04:00:00,6.656450633333333
2050-03-04 05:00:00,7.12173345
2050-03-04 06:00:00,9.418386400869773
2050-03-04 07:00:00,32.2608955657389
2050-03-04 08:00:00,44.240222466050696
2050-03-04 09:00:00,22.654830114695784
2050-03-04 10:00:00,18.41433328839272
2050-03-04 11:00:00,16.75528639047226
2050-03-04 12:00:00,21.847669902240035
2050-03-04 13:00:00,23.420117057080162
2050-03-04 14:00:00,17.46739204326757
2050-03-04 15:00:00,17.816266480034344
2050-03-04 16:00:00,17.455514850466514
2050-03-04 17:00:00,17.508954930560567
2050-03-04 18:00:00,23.749796383791544
2050-03-04 19:00:00,58.317451454176826
2050-03-04 20:00:00,47.434960190124606
2050-03-04 21:00:00,17.658092919595738
2050-03-04 22:00:00,9.43601036364103
2050-03-04 23:00:00,7.949033799999997
2050-03-05 00:00:00,6.000877549999994
2050-03-05 01:00:00,5.234718383333332
2050-03-05 02:00:00,5.359166783333333
2050-03-05 03:00:00,5.956749999999999
2050-03-05 04:00:00,6.463200216666666
2050-03-05 05:00:00,7.226866866666667
2050-03-05 06:00:00,7.732383233333332
2050-03-05 07:00:00,8.390245033333333
2050-03-05 08:00:00,10.418605563081458
2050-03-05 09:00:00,29.128961043922963
2050-03-05 10:00:00,36.565666852307594
2050-03-05 11:00:00,30.196467799871712
2050-03-05 12:00:00,31.45577678847582
2050-03-05 13:00:00,32.70587851067877
2050-03-05 14:00:00,34.671562239085404
2050-03-05 15:00:00,35.974118457009276
2050-03-05 16:00:00,25.266605790776744
2050-03-05 17:00:00,15.227507732575436
2050-03-05 18:00:00,16.85539409516364
2050-03-05 19:00:00,38.601693287437016
2050-03-05 20:00:00,44.53838955686619
2050-03-05 21:00:00,21.148442486476167
2050-03-05 22:00:00,7.758443143953426
2050-03-05 23:00:00,7.448026233333328
2050-03-06 00:00:00,6.121860116666661
2050-03-06 01:00:00,5.500035016666666
2050-03-06 02:00:00,5.489733483333333
2050-03-06 03:00:00,5.685383933333332
2050-03-06 04:00:00,6.125167383333332
2050-03-06 05:00:00,7.260866049999999
2050-03-06 06:00:00,7.452883449999999
2050-03-06 07:00:00,8.360248649999999
2050-03-06 08:00:00,9.895053191636865
2050-03-06 09:00:00,27.85938062637424
2050-03-06 10:00:00,38.02580777797122
2050-03-06 11:00:00,32.425210951930005
2050-03-06 12:00:00,33.563513202489695
2050-03-06 13:00:00,34.11230043562116
2050-03-06 14:00:00,33.43305993999478
2050-03-06 15:00:00,39.49774095442661
2050-03-06 16:00:00,28.177066567815658
2050-03-06 17:00:00,19.957170671237012
2050-03-06 18:00:00,18.586856613876723
2050-03-06 19:00:00,41.50850679530856
2050-03-06 20:00:00,40.738834703659734
2050-03-06 21:00:00,13.726999674659185
2050-03-06 22:00:00,8.798570880903213
2050-03-06 23:00:00,7.538122316666663
2050-03-07 00:00:00,5.931753183333333
2050-03-07 01:00:00,5.652483533333333
2050-03-07 02:00:00,5.930567099999999
2050-03-07 03:00:00,6.257617133333333
2050-03-07 04:00:00,6.573867416666666
2050-03-07 05:00:00,7.387883083333333
2050-03-07 06:00:00,8.96679688332751
2050-03-07 07:00:00,34.835444702933096
2050-03-07 08:00:00,45.05699333974423
2050-03-07 09:00:00,19.4529395710635
2050-03-07 10:00:00,19.28436428412132
2050-03-07 11:00:00,15.198235471137751
2050-03-07 12:00:00,20.317806897111083
2050-03-07 13:00:00,23.577898627725485
2050-03-07 14:00:00,15.8712545810674
2050-03-07 15:00:00,21.789232357672667
2050-03-07 16:00:00,14.554407765144365
2050-03-07 17:00:00,13.992129140042259
2050-03-07 18:00:00,22.850683209957033
2050-03-07 19:00:00,46.52335691410328
2050-03-07 20:00:00,48.037686705473035
2050-03-07 21:00:00,18.323180683994313
2050-03-07 22:00:00,8.916913372992084
2050-03-07 23:00:00,7.986750166666663
2050-03-08 00:00:00,5.336668799999999
2050-03-08 01:00:00,5.670850716666666
2050-03-08 02:00:00,5.875117266666666
2050-03-08 03:00:00,5.787117066666666
2050-03-08 04:00:00,6.450450099999999
2050-03-08 05:00:00,7.215383216666666
2050-03-08 06:00:00,7.950450733450941
2050-03-08 07:00:00,27.997546975053698
2050-03-08 08:00:00,40.11971588374287
2050-03-08 09:00:00,15.101740713416449
2050-03-08 10:00:00,14.341719713148578
2050-03-08 11:00:00,15.399559568218304
2050-03-08 12:00:00,21.680181188759374
2050-03-08 13:00:00,17.892652125022263
2050-03-08 14:00:00,17.58264964762154
2050-03-08 15:00:00,23.227044822647738
2050-03-08 16:00:00,19.979149692186972
2050-03-08 17:00:00,17.295879016482992
2050-03-08 18:00:00,22.668228774589753
2050-03-08 19:00:00,50.5791982752018
2050-03-08 20:00:00,56.58310053647795
2050-03-08 21:00:00,21.212421971966297
2050-03-08 22:00:00,9.049618953920666
2050-03-08 23:00:00,7.765219116666662
2050-03-09 00:00:00,5.259902866666667
2050-03-09 01:00:00,5.492550416666666
2050-03-09 02:00:00,5.623300666666666
2050-03-09 03:00:00,6.101083916666666
2050-03-09 04:00:00,6.7338665666666655
2050-03-09 05:00:00,7.55858355
2050-03-09 06:00:00,8.784385444763691
2050-03-09 07:00:00,32.44517666960466
2050-03-09 08:00:00,46.76537125277914
2050-03-09 09:00:00,20.709650606917968
2050-03-09 10:00:00,18.181684219323806
2050-03-09 11:00:00,18.35109675576994
2050-03-09 12:00:00,19.206845041982273
2050-03-09 13:00:00,18.94019556204482
2050-03-09 14:00:00,16.321377713951346
2050-03-09 15:00:00,16.01448668615327
2050-03-09 16:00:00,19.155731526304255
2050-03-09 17:00:00,20.0192615508606
2050-03-09 18:00:00,22.79016744547866
2050-03-09 19:00:00,45.17996155706316
2050-03-09 20:00:00,51.461086360247506
2050-03-09 21:00:00,15.954099034196519
2050-03-09 22:00:00,9.390450140623953
2050-03-09 23:00:00,7.217459016666663
2050-03-10 00:00:00,5.420552866666666
2050-03-10 01:00:00,5.446384433333332
2050-03-10 02:00:00,5.667750616666666
2050-03-10 03:00:00,6.004000016666666
2050-03-10 04:00:00,6.3347171499999995
2050-03-10 05:00:00,7.2500159166666664
2050-03-10 06:00:00,9.185491229842876
2050-03-10 07:00:00,33.14594354730787
2050-03-10 08:00:00,35.628851114558614
2050-03-10 09:00:00,21.28428903492179
2050-03-10 10:00:00,18.56712567585089
2050-03-10 11:00:00,12.813506882242539
2050-03-10 12:00:00,20.317978433451835
2050-03-10 13:00:00,21.01897908304956
2050-03-10 14:00:00,19.65771191111996
2050-03-10 15:00:00,24.887591636752173
2050-03-10 16:00:00,18.204797415566336
2050-03-10 17:00:00,16.195989209612414
2050-03-10 18:00:00,18.785944418196607
2050-03-10 19:00:00,51.83967138098496
2050-03-10 20:00:00,51.30897052570131
2050-03-10 21:00:00,12.816365998654197
2050-03-10 22:00:00,8.702467865532553
2050-03-10 23:00:00,7.902871016666662
2050-03-11 00:00:00,5.789353666666666
2050-03-11 01:00:00,5.544134416666666
2050-03-11 02:00:00,5.815350633333333
2050-03-11 03:00:00,5.921666266666666
2050-03-11 04:00:00,6.437983099999999
2050-03-11 05:00:00,7.350950200000001
2050-03-11 06:00:00,8.960932027871497
2050-03-11 07:00:00,30.20098180212952
2050-03-11 08:00:00,38.36958711363264
2050-03-11 09:00:00,13.402421886980298
2050-03-11 10:00:00,18.357468321438866
2050-03-11 11:00:00,15.507263993751927
2050-03-11 12:00:00,26.5652111594481
2050-03-11 13:00:00,18.088007928737504
2050-03-11 14:00:00,19.009803759385655
2050-03-11 15:00:00,19.323235957591347
2050-03-11 16:00:00,18.904537008927633
2050-03-11 17:00:00,16.819814579436667
2050-03-11 18:00:00,24.248749031453812
2050-03-11 19:00:00,47.38182813918053
2050-03-11 20:00:00,55.574596013840825
2050-03-11 21:00:00,17.03091742054995
2050-03-11 22:00:00,8.315829151548725
2050-03-11 23:00:00,8.505094599999998
2050-03-12 00:00:00,6.484331716666661
2050-03-12 01:00:00,5.420284949999999
2050-03-12 02:00:00,5.832550799999999
2050-03-12 03:00:00,5.950566983333333
2050-03-12 04:00:00,6.3104667999999995
2050-03-12 05:00:00,7.0621994
2050-03-12 06:00:00,7.471132866666666
2050-03-12 07:00:00,7.886050449999999
2050-03-12 08:00:00,9.78354308326966
2050-03-12 09:00:00,33.588737376605806
2050-03-12 10:00:00,44.49129536017238
2050-03-12 11:00:00,27.97478525681605
2050-03-12 12:00:00,34.96305521828178
2050-03-12 13:00:00,39.72118062702623
2050-03-12 14:00:00,38.00152653201609
2050-03-12 15:00:00,33.075712139007656
2050-03-12 16:00:00,30.039307625550872
2050-03-12 17:00:00,18.64845501497836
2050-03-12 18:00:00,25.34113925983121
2050-03-12 19:00:00,42.722642878428466
2050-03-12 20:00:00,42.59179267564615
2050-03-12 21:00:00,13.932856752572004
2050-03-12 22:00:00,8.639911810320456
2050-03-12 23:00:00,7.408456633333329
2050-03-13 00:00:00,6.845177033333327
2050-03-13 01:00:00,5.609635183333332
2050-03-13 02:00:00,5.7560172
2050-03-13 03:00:00,5.666216883333332
2050-03-13 04:00:00,6.114982483333332
2050-03-13 05:00:00,7.083065616666666
2050-03-13 06:00:00,7.371967716666666
2050-03-13 07:00:00,8.13806535
2050-03-13 08:00:00,10.532367050046439
2050-03-13 09:00:00,31.269678710635223
2050-03-13 10:00:00,37.40688347492795
2050-03-13 11:00:00,30.271894444470007
2050-03-13 12:00:00,37.59865773365503
2050-03-13 13:00:00,33.02100027071735
2050-03-13 14:00:00,29.937968996188154
2050-03-13 15:00:00,33.34127532508765
2050-03-13 16:00:00,24.51989576858041
2050-03-13 17:00:00,13.301934813005213
2050-03-13 18:00:00,23.726752846750657
2050-03-13 19:00:00,46.49384791621069
2050-03-13 20:00:00,47.48061886042271
2050-03-13 21:00:00,16.767438506216582
2050-03-13 22:00:00,8.730020140464616
2050-03-13 23:00:00,7.959126916666663
2050-03-14 00:00:00,5.219720383333333
2050-03-14 01:00:00,5.475817299999999
2050-03-14 02:00:00,5.9950171999999995
2050-03-14 03:00:00,6.110750366666665
2050-03-14 04:00:00,6.559234099999999
2050-03-14 05:00:00,7.541434049999999
2050-03-14 06:00:00,9.251536614156656
2050-03-14 07:00:00,45.42110645975173
2050-03-14 08:00:00,51.83412901095473
2050-03-14 09:00:00,24.692934367603307
2050-03-14 10:00:00,20.588392938474364
2050-03-14 11:00:00,17.789432937025133
2050-03-14 12:00:00,17.110639343858995
2050-03-14 13:00:00,20.154623939285912
2050-03-14 14:00:00,17.387364980385716
2050-03-14 15:00:00,19.814613177524322
2050-03-14 16:00:00,19.65007427585182
2050-03-14 17:00:00,16.1291844996457
2050-03-14 18:00:00,19.199214431665663
2050-03-14 19:00:00,55.36832655387379
2050-03-14 20:00:00,50.923561120636826
2050-03-14 21:00:00,19.918023899575218
2050-03-14 22:00:00,10.465584433765649
2050-03-14 23:00:00,6.984825299999995
2050-03-15 00:00:00,5.748086649999999
2050-03-15 01:00:00,5.709884333333332
2050-03-15 02:00:00,6.135217316666665
2050-03-15 03:00:00,6.125367349999999
2050-03-15 04:00:00,6.708966633333333
2050-03-15 05:00:00,7.388416216666665
2050-03-15 06:00:00,9.603689214170243
2050-03-15 07:00:00,39.05823928887317
2050-03-15 08:00:00,55.77819272421755
2050-03-15 09:00:00,25.721453654140298
2050-03-15 10:00:00,21.340634701335663
2050-03-15 11:00:00,16.780716674529682
2050-03-15 12:00:00,24.505989978898132
2050-03-15 13:00:00,18.506771249743238
2050-03-15 14:00:00,12.527158160710687
2050-03-15 15:00:00,19.128322341979246
2050-03-15 16:00:00,16.55787290107756
2050-03-15 17:00:00,13.86777727926531
2050-03-15 18:00:00,19.76299257082516
2050-03-15 19:00:00,45.36107888982776
2050-03-15 20:00:00,53.344637044914094
2050-03-15 21:00:00,17.762445238879238
2050-03-15 22:00:00,10.190992516148485
2050-03-15 23:00:00,8.36199518333333
2050-03-16 00:00:00,6.166052916666667
2050-03-16 01:00:00,5.7615177
2050-03-16 02:00:00,6.010066833333332
2050-03-16 03:00:00,5.940233766666666
2050-03-16 04:00:00,6.602483499999999
2050-03-16 05:00:00,7.380333683333332
2050-03-16 06:00:00,9.02458427989521
2050-03-16 07:00:00,36.41115324962216
2050-03-16 08:00:00,48.19001718786394
2050-03-16 09:00:00,19.941873560740653
2050-03-16 10:00:00,14.275859086915517
2050-03-16 11:00:00,17.806783334131612
2050-03-16 12:00:00,18.754996260923896
2050-03-16 13:00:00,17.08443791960334
2050-03-16 14:00:00,20.532316937698106
2050-03-16 15:00:00,25.84706750913147
2050-03-16 16:00:00,18.288893551115542
2050-03-16 17:00:00,14.853605360659055
2050-03-16 18:00:00,19.462941252415188
2050-03-16 19:00:00,54.161179178614155
2050-03-16 20:00:00,40.32706717359396
2050-03-16 21:00:00,13.233922830084829
2050-03-16 22:00:00,10.125120379332838
2050-03-16 23:00:00,8.171021849999997
2050-03-17 00:00:00,4.793035999999999
2050-03-17 01:00:00,5.190351183333332
2050-03-17 02:00:00,5.607650683333333
2050-03-17 03:00:00,5.891132983333332
2050-03-17 04:00:00,6.460383633333333
2050-03-17 05:00:00,7.103083633333333
2050-03-17 06:00:00,8.349578999304278
2050-03-17 07:00:00,39.21469716633045
2050-03-17 08:00:00,42.59450832516246
2050-03-17 09:00:00,23.46705304935149
2050-03-17 10:00:00,20.339054801404135
2050-03-17 11:00:00,15.012485126289675
2050-03-17 12:00:00,21.8573663773063
2050-03-17 13:00:00,18.713647388643246
2050-03-17 14:00:00,22.492728287384367
2050-03-17 15:00:00,24.815035791333607
2050-03-17 16:00:00,19.28315581464014
2050-03-17 17:00:00,15.357089518074158
2050-03-17 18:00:00,21.964086403278362
2050-03-17 19:00:00,44.98847306774531
2050-03-17 20:00:00,55.177751948661296
2050-03-17 21:00:00,23.302590529060648
2050-03-17 22:00:00,9.871310947872999
2050-03-17 23:00:00,7.137182449999996
2050-03-18 00:00:00,5.287419316666665
2050-03-18 01:00:00,5.500151366666666
2050-03-18 02:00:00,5.669350716666666
2050-03-18 03:00:00,6.052000433333332
2050-03-18 04:00:00,6.427166166666666
2050-03-18 05:00:00,7.282966966666666
2050-03-18 06:00:00,8.594591852720296
2050-03-18 07:00:00,32.22346760610298
2050-03-18 08:00:00,36.52241870322129
2050-03-18 09:00:00,17.285601952087088
2050-03-18 10:00:00,15.370277618069247
2050-03-18 11:00:00,16.402855451106955
2050-03-18 12:00:00,20.308853749974126
2050-03-18 13:00:00,17.98721057164627
2050-03-18 14:00:00,15.066472925670125
2050-03-18 15:00:00,22.4160826791253
2050-03-18 16:00:00,17.410071165948416
2050-03-18 17:00:00,17.060517525827066
2050-03-18 18:00:00,20.597161834053416
2050-03-18 19:00:00,53.23395553894042
2050-03-18 20:00:00,70.4919110154955
2050-03-18 21:00:00,26.91858593757357
2050-03-18 22:00:00,9.309280329393602
2050-03-18 23:00:00,7.828041916666663
2050-03-19 00:00:00,6.026165583333327
2050-03-19 01:00:00,5.742451866666666
2050-03-19 02:00:00,5.464499916666666
2050-03-19 03:00:00,5.985301249999999
2050-03-19 04:00:00,6.133766866666666
2050-03-19 05:00:00,7.031550183333332
2050-03-19 06:00:00,7.68990015
2050-03-19 07:00:00,8.020999466666666
2050-03-19 08:00:00,10.395796425681054
2050-03-19 09:00:00,27.020294899639694
2050-03-19 10:00:00,31.82268399077128
2050-03-19 11:00:00,34.61580480494218
2050-03-19 12:00:00,34.616696922423245
2050-03-19 13:00:00,43.202664954186616
2050-03-19 14:00:00,31.09751858275791
2050-03-19 15:00:00,29.04395326706392
2050-03-19 16:00:00,26.25031235833251
2050-03-19 17:00:00,16.40433068310107
2050-03-19 18:00:00,21.536367141668677
2050-03-19 19:00:00,48.84891157693532
2050-03-19 20:00:00,49.10321941924887
2050-03-19 21:00:00,16.904813163860666
2050-03-19 22:00:00,9.169097094226995
2050-03-19 23:00:00,7.381153999999995
